Sl No.,ZPC No. ,ZPC Name,AP No.,AP Name,GP No. ,GP Name,Ward No.,Ward Name,PS No. ,PS Name,Total Number of Voter,ZPM-1,ZPM-2,ZPM-3,ZPM-4,APM-1,APM-2,APM-3,GPM-1,GPM-2,GPM-3,GPM-4,GPM-5,GPM-6
1,9,AMBAGAN,6,PACHIM KALIABOR,54,AMBAGAN,1,PUB SOWALONI (A),1,AMBAGAN PRATHAMIK VIDYALAYA (PUB),582,জয়শ্ৰী মণ্ডল (অ.গ.প. - এলিফেন্ট),দিপা বিশ্বাস (ভা.জা.ক. - হেণ্ড),Nil,Nil,Uncontested,Nil,Nil,জ্যোৎস্না মণ্ডল (টু লিভচ),সুমিত্ৰা বিশ্বাস (কক’নাট ট্ৰী),Nil,Nil,Nil,Nil
2,9,AMBAGAN,6,PACHIM KALIABOR,54,AMBAGAN,2,PUB SOWALONI (B),2,AMBAGAN PRATHAMIK VIDYALAYA (PACHIM),612,জয়শ্ৰী মণ্ডল (অ.গ.প. - এলিফেন্ট),দিপা বিশ্বাস (ভা.জা.ক. - হেণ্ড),Nil,Nil,Uncontested,Nil,Nil,বিৰাজ ভূঁঞা (এৰ’প্লেন),মিণ্টু বিশ্বাস (ৰাইজিং চান),ৰঞ্জুমনি দাস বৰ্মণ (কাপ এণ্ড প্লেট),ৰীমা সৰকাৰ বৰ্মণ (কক’নাট ট্ৰী),শিৱানী হালদাৰ (টু লিভচ),Nil
3,9,AMBAGAN,6,PACHIM KALIABOR,54,AMBAGAN,3,PUB SOWALONI (C),3,AMBAGAN UCHATAR MADHYAMIK VIDYALAYA (PUB),698,জয়শ্ৰী মণ্ডল (অ.গ.প. - এলিফেন্ট),দিপা বিশ্বাস (ভা.জা.ক. - হেণ্ড),Nil,Nil,Uncontested,Nil,Nil,নিভা বৰ্মণ (টু লিভচ),প্ৰতিমা সৰকাৰ (ৰাইজিং চান),ৰাজু বিশ্বাস (কক’নাট ট্ৰী),ৰুপালী মণ্ডল (প্ৰেচাৰ কুকাৰ),Nil,Nil
4,9,AMBAGAN,6,PACHIM KALIABOR,54,AMBAGAN,4,PUB SOWALONI (D),4,SUBHASH ME SCHOOL AMBAGAN,548,জয়শ্ৰী মণ্ডল (অ.গ.প. - এলিফেন্ট),দিপা বিশ্বাস (ভা.জা.ক. - হেণ্ড),Nil,Nil,Uncontested,Nil,Nil,অঞ্জনা ৰানী দাস চৌধুৰী (ব’ট),লিপি মণ্ডল সৰকাৰ (টু লিভচ),Nil,Nil,Nil,Nil
5,9,AMBAGAN,6,PACHIM KALIABOR,54,AMBAGAN,5,PACHIM SOWALONI (A),5,AMBAGAN UCHATAR MADHYAMIK VIDYALAYA (PACHIM),666,জয়শ্ৰী মণ্ডল (অ.গ.প. - এলিফেন্ট),দিপা বিশ্বাস (ভা.জা.ক. - হেণ্ড),Nil,Nil,Uncontested,Nil,Nil,খোকন দেৱনাথ (ৰাইজিং চান),মামন বৰ্মণ (কক’নাট ট্ৰী),সঞ্জয় কুমাৰ বনিক (টু লিভচ),Nil,Nil,Nil
6,9,AMBAGAN,6,PACHIM KALIABOR,54,AMBAGAN,6,PACHIM SOWALONI (B),6,PACHIM SUALANI LP SCHOOL (PUB),583,জয়শ্ৰী মণ্ডল (অ.গ.প. - এলিফেন্ট),দিপা বিশ্বাস (ভা.জা.ক. - হেণ্ড),Nil,Nil,Uncontested,Nil,Nil,জ্যোৎস্না তৰপদাৰ (পট),শান্তা মণ্ডল (টু লিভচ),সীমা সৰকাৰ (কক’নাট ট্ৰী),Nil,Nil,Nil
7,9,AMBAGAN,6,PACHIM KALIABOR,54,AMBAGAN,7,PACHIM SOWALONI (C),7,PACHIM SUALANI LP SCHOOL (PACHIM),728,জয়শ্ৰী মণ্ডল (অ.গ.প. - এলিফেন্ট),দিপা বিশ্বাস (ভা.জা.ক. - হেণ্ড),Nil,Nil,Uncontested,Nil,Nil,বজন্তি মণ্ডল (কক’নাট ট্ৰী),সীমা সেন সৰকাৰ (টু লিভচ),Nil,Nil,Nil,Nil
8,9,AMBAGAN,6,PACHIM KALIABOR,54,AMBAGAN,8,DAKHIN BHOMORAGURI (A),8,DAKHIN BHOMORAGURI LP SCHOOL (PUB),761,জয়শ্ৰী মণ্ডল (অ.গ.প. - এলিফেন্ট),দিপা বিশ্বাস (ভা.জা.ক. - হেণ্ড),Nil,Nil,Uncontested,Nil,Nil,ৰিন্টী পাণ্ডে মণ্ডল (টু লিভচ),সুমিত্ৰা ৰয় (কাপ এণ্ড প্লেট),Nil,Nil,Nil,Nil
9,9,AMBAGAN,6,PACHIM KALIABOR,54,AMBAGAN,9,DAKHIN BHOMORAGURI (B),9,DAKHIN BHAMURAGURI LP SCHOOL (PACHIM),682,জয়শ্ৰী মণ্ডল (অ.গ.প. - এলিফেন্ট),দিপা বিশ্বাস (ভা.জা.ক. - হেণ্ড),Nil,Nil,Uncontested,Nil,Nil,পঞ্চমী মণ্ডল (কাপ এণ্ড প্লেট),ভানু চৰকাৰ (টু লিভচ),Nil,Nil,Nil,Nil
10,9,AMBAGAN,6,PACHIM KALIABOR,54,AMBAGAN,10,10 NO DAKHIN BHUMURAGURI PART-3,10,AMBAGAN GIRLS HIGH SCHOOL,672,জয়শ্ৰী মণ্ডল (অ.গ.প. - এলিফেন্ট),দিপা বিশ্বাস (ভা.জা.ক. - হেণ্ড),Nil,Nil,Uncontested,Nil,Nil,নমি মণ্ডল (কাপ এণ্ড প্লেট),হৰিশ মণ্ডল (টু লিভচ),Nil,Nil,Nil,Nil
11,9,AMBAGAN,6,PACHIM KALIABOR,55,LAILURI,1,LAILURI (A),11,PUB LAILURI L.P SCHOOL (PUB),706,জয়শ্ৰী মণ্ডল (অ.গ.প. - এলিফেন্ট),দিপা বিশ্বাস (ভা.জা.ক. - হেণ্ড),Nil,Nil,কামৰুন নেহাৰ (অ.গ.প. - এলিফেন্ট),ৰচিদা বেগম (ভা.জা.ক. - হেণ্ড),Nil,পিংকি দাস (কাৰ),ৰীতা দাস (টু লিভচ),সুবৰ্ণ দাস (ট্ৰাক),Nil,Nil,Nil
12,9,AMBAGAN,6,PACHIM KALIABOR,55,LAILURI,2,LAILURI (B),12,PUB LAILURI L.P SCHOOL (PACHIM),549,জয়শ্ৰী মণ্ডল (অ.গ.প. - এলিফেন্ট),দিপা বিশ্বাস (ভা.জা.ক. - হেণ্ড),Nil,Nil,কামৰুন নেহাৰ (অ.গ.প. - এলিফেন্ট),ৰচিদা বেগম (ভা.জা.ক. - হেণ্ড),Nil,নয়ন চন্দ্ৰ দাস (অট’ৰিক্সা),ভাৰতী দাস (টু লিভচ),মালাৰানী দাস (কক’নাট ট্ৰী),সুষান্ত দাস (ব’ট),Nil,Nil
13,9,AMBAGAN,6,PACHIM KALIABOR,55,LAILURI,3,LAILURI (C),13,116 NO LAILURI MUKTAB SCHOOL,758,জয়শ্ৰী মণ্ডল (অ.গ.প. - এলিফেন্ট),দিপা বিশ্বাস (ভা.জা.ক. - হেণ্ড),Nil,Nil,কামৰুন নেহাৰ (অ.গ.প. - এলিফেন্ট),ৰচিদা বেগম (ভা.জা.ক. - হেণ্ড),Nil,পূৰ্ণিমা খাতুন  (অট’ৰিক্সা),ৰকিবুল আহমেদ (টু লিভচ),Nil,Nil,Nil,Nil
14,9,AMBAGAN,6,PACHIM KALIABOR,55,LAILURI,4,LAILURI (D),14,DAKHIN LAILURI MUKTAB SCHOOL (PACHIM),759,জয়শ্ৰী মণ্ডল (অ.গ.প. - এলিফেন্ট),দিপা বিশ্বাস (ভা.জা.ক. - হেণ্ড),Nil,Nil,কামৰুন নেহাৰ (অ.গ.প. - এলিফেন্ট),ৰচিদা বেগম (ভা.জা.ক. - হেণ্ড),Nil,ছালমা খাতুন (টু লিভচ),জাহাংগীৰ আলম (কাৰ),প্ৰিনাজ বেগম (ব’ট),ৰেকিবউদ্দিন আহমেদ (কাপ এণ্ড প্লেট),Nil,Nil
15,9,AMBAGAN,6,PACHIM KALIABOR,55,LAILURI,4,LAILURI (D),15,DAKHIN LAILURI MUKTAB SCHOOL (PUB),698,জয়শ্ৰী মণ্ডল (অ.গ.প. - এলিফেন্ট),দিপা বিশ্বাস (ভা.জা.ক. - হেণ্ড),Nil,Nil,কামৰুন নেহাৰ (অ.গ.প. - এলিফেন্ট),ৰচিদা বেগম (ভা.জা.ক. - হেণ্ড),Nil,ছালমা খাতুন (টু লিভচ),জাহাংগীৰ আলম (কাৰ),প্ৰিনাজ বেগম (ব’ট),ৰেকিবউদ্দিন আহমেদ (কাপ এণ্ড প্লেট),Nil,Nil
16,9,AMBAGAN,6,PACHIM KALIABOR,55,LAILURI,5,LAILURI (E),16,LAILURI HIGH SCHOOL (PACHIM) (1),880,জয়শ্ৰী মণ্ডল (অ.গ.প. - এলিফেন্ট),দিপা বিশ্বাস (ভা.জা.ক. - হেণ্ড),Nil,Nil,কামৰুন নেহাৰ (অ.গ.প. - এলিফেন্ট),ৰচিদা বেগম (ভা.জা.ক. - হেণ্ড),Nil,ববিতা দাস (টু লিভচ),স্বপ্না বনিক (কম্পিউটাৰ),Nil,Nil,Nil,Nil
17,9,AMBAGAN,6,PACHIM KALIABOR,55,LAILURI,6,LAILURI (F),17,LAILURI HIGH SCHOOL (PUB) (2),884,জয়শ্ৰী মণ্ডল (অ.গ.প. - এলিফেন্ট),দিপা বিশ্বাস (ভা.জা.ক. - হেণ্ড),Nil,Nil,কামৰুন নেহাৰ (অ.গ.প. - এলিফেন্ট),ৰচিদা বেগম (ভা.জা.ক. - হেণ্ড),Nil,আছমা খাতুন (ব’ট),চাইনা বনিক (কলিফ্লাৱাৰ),Nil,Nil,Nil,Nil
18,9,AMBAGAN,6,PACHIM KALIABOR,55,LAILURI,7,LAILURI (G),18,116 NO. LAILURI MUKTAB (PACHIM),1372,জয়শ্ৰী মণ্ডল (অ.গ.প. - এলিফেন্ট),দিপা বিশ্বাস (ভা.জা.ক. - হেণ্ড),Nil,Nil,কামৰুন নেহাৰ (অ.গ.প. - এলিফেন্ট),ৰচিদা বেগম (ভা.জা.ক. - হেণ্ড),Nil,ছামচুন নেহাৰ (টু লিভচ),জন্নাতুন বেগম (নাগৰিক),ৰৌচনাৰা বেগম (ব’ট),Nil,Nil,Nil
19,9,AMBAGAN,6,PACHIM KALIABOR,55,LAILURI,8,PUB LORIMUKH (B),19,PUB LARIMUKH L.P SCHOOL (GAFUR MORAL LP SCHOOL),1125,জয়শ্ৰী মণ্ডল (অ.গ.প. - এলিফেন্ট),দিপা বিশ্বাস (ভা.জা.ক. - হেণ্ড),Nil,Nil,কামৰুন নেহাৰ (অ.গ.প. - এলিফেন্ট),ৰচিদা বেগম (ভা.জা.ক. - হেণ্ড),Nil,জাকিৰ হুছেইন (অট’ৰিক্সা),বিজু ধৰ (এৰ’প্লেন),ৰাখি মণ্ডল অধিকাৰী (টু লিভচ),Nil,Nil,Nil
20,9,AMBAGAN,6,PACHIM KALIABOR,55,LAILURI,9,PUB LORIMUKH (C),20,MADYA PUB LARIMUKH LP SCHOOL,1338,জয়শ্ৰী মণ্ডল (অ.গ.প. - এলিফেন্ট),দিপা বিশ্বাস (ভা.জা.ক. - হেণ্ড),Nil,Nil,কামৰুন নেহাৰ (অ.গ.প. - এলিফেন্ট),ৰচিদা বেগম (ভা.জা.ক. - হেণ্ড),Nil,খালেদা বেগম (ব’ট),ছকিনা বেগম (এৰ’প্লেন),জিনিয়া আফৰিন  (অট’ৰিক্সা),ৰহিমা খাতুন (টু লিভচ),Nil,Nil
21,9,AMBAGAN,6,PACHIM KALIABOR,55,LAILURI,10,PUB LORIMUKH (D),21,PUB LARIRMUKH SENIOR MADRASA (PACHIM),905,জয়শ্ৰী মণ্ডল (অ.গ.প. - এলিফেন্ট),দিপা বিশ্বাস (ভা.জা.ক. - হেণ্ড),Nil,Nil,কামৰুন নেহাৰ (অ.গ.প. - এলিফেন্ট),ৰচিদা বেগম (ভা.জা.ক. - হেণ্ড),Nil,উম্মূল খায়ৰ (নাগৰিক),নুমান কাউচাৰ (ব’ট),ফাইজুল হাছান (টু লিভচ),Nil,Nil,Nil
22,9,AMBAGAN,6,PACHIM KALIABOR,56,LAKHANABANDHA,1,1NO. BHARIDHOWA PART-1,22,22 NO- KHAMKHOWA PRATHAMIK VIDYALAYA (PUB),885,জয়শ্ৰী মণ্ডল (অ.গ.প. - এলিফেন্ট),দিপা বিশ্বাস (ভা.জা.ক. - হেণ্ড),Nil,Nil,জয়গোবিন্দ বৰ্মন (ভা.জা.ক. - হেণ্ড),সন্তোষ বিশ্বাস (অ.গ.প. - এলিফেন্ট),কৃতিবাস মণ্ডল (নিৰ্দলীয় - কলিফ্লাৱাৰ),প্ৰতিভা মণ্ডল (এৰ’প্লেন),ৰাখী ৰয় (কলিফ্লাৱাৰ),Nil,Nil,Nil,Nil
23,9,AMBAGAN,6,PACHIM KALIABOR,56,LAKHANABANDHA,2,2 NO. BHARIDHOWA PART-1,23,23 NO KHAMKHOWA PRATHAMIK VIDYALAYA (PACHIM),1119,জয়শ্ৰী মণ্ডল (অ.গ.প. - এলিফেন্ট),দিপা বিশ্বাস (ভা.জা.ক. - হেণ্ড),Nil,Nil,জয়গোবিন্দ বৰ্মন (ভা.জা.ক. - হেণ্ড),সন্তোষ বিশ্বাস (অ.গ.প. - এলিফেন্ট),কৃতিবাস মণ্ডল (নিৰ্দলীয় - কলিফ্লাৱাৰ),যশোদা দেৱী (কলিফ্লাৱাৰ),সুখ ৰঞ্জন বৰ্মন (টু লিভচ),Nil,Nil,Nil,Nil
24,9,AMBAGAN,6,PACHIM KALIABOR,56,LAKHANABANDHA,3,BHARIDHUWA PART 3,24,LAKHMI NATH BEZ BARUAH LP SCHOOL (PACHIM),892,জয়শ্ৰী মণ্ডল (অ.গ.প. - এলিফেন্ট),দিপা বিশ্বাস (ভা.জা.ক. - হেণ্ড),Nil,Nil,জয়গোবিন্দ বৰ্মন (ভা.জা.ক. - হেণ্ড),সন্তোষ বিশ্বাস (অ.গ.প. - এলিফেন্ট),কৃতিবাস মণ্ডল (নিৰ্দলীয় - কলিফ্লাৱাৰ),অৰুপ বিশ্বাস (টু লিভচ),পম্পী মণ্ডল দাস (কলিফ্লাৱাৰ),Nil,Nil,Nil,Nil
25,9,AMBAGAN,6,PACHIM KALIABOR,56,LAKHANABANDHA,4,6 NO. PATALIATI,25,25 NO LAKHMI NATH BEZ BARUAH LP SCHOOL (PUB),655,জয়শ্ৰী মণ্ডল (অ.গ.প. - এলিফেন্ট),দিপা বিশ্বাস (ভা.জা.ক. - হেণ্ড),Nil,Nil,জয়গোবিন্দ বৰ্মন (ভা.জা.ক. - হেণ্ড),সন্তোষ বিশ্বাস (অ.গ.প. - এলিফেন্ট),কৃতিবাস মণ্ডল (নিৰ্দলীয় - কলিফ্লাৱাৰ),পম্পী বিশ্বাস মণ্ডল (টু লিভচ),ৰিপা বিশ্বাস মণ্ডল (কলিফ্লাৱাৰ),Nil,Nil,Nil,Nil
26,9,AMBAGAN,6,PACHIM KALIABOR,56,LAKHANABANDHA,5,5 NO. LAKHANABANDHA,26,26 NO LAKHANABANDHA LP SCHOOL,850,জয়শ্ৰী মণ্ডল (অ.গ.প. - এলিফেন্ট),দিপা বিশ্বাস (ভা.জা.ক. - হেণ্ড),Nil,Nil,জয়গোবিন্দ বৰ্মন (ভা.জা.ক. - হেণ্ড),সন্তোষ বিশ্বাস (অ.গ.প. - এলিফেন্ট),কৃতিবাস মণ্ডল (নিৰ্দলীয় - কলিফ্লাৱাৰ),জেণ্টু বিশ্বাস (টু লিভচ),দিপক বিশ্বাস (কক’নাট ট্ৰী),মতিলাল মণ্ডল (কাৰ),Nil,Nil,Nil
27,9,AMBAGAN,6,PACHIM KALIABOR,56,LAKHANABANDHA,5,5 NO. LAKHANABANDHA,27,27 NO LAKHANABANDHA LP SCHOOL (KA),726,জয়শ্ৰী মণ্ডল (অ.গ.প. - এলিফেন্ট),দিপা বিশ্বাস (ভা.জা.ক. - হেণ্ড),Nil,Nil,জয়গোবিন্দ বৰ্মন (ভা.জা.ক. - হেণ্ড),সন্তোষ বিশ্বাস (অ.গ.প. - এলিফেন্ট),কৃতিবাস মণ্ডল (নিৰ্দলীয় - কলিফ্লাৱাৰ),জেণ্টু বিশ্বাস (টু লিভচ),দিপক বিশ্বাস (কক’নাট ট্ৰী),মতিলাল মণ্ডল (কাৰ),Nil,Nil,Nil
28,9,AMBAGAN,6,PACHIM KALIABOR,56,LAKHANABANDHA,6,6 LAKHANABANDHA PART-2,28,28 NO KULIDUNGA LP SCHOOL (PUB),658,জয়শ্ৰী মণ্ডল (অ.গ.প. - এলিফেন্ট),দিপা বিশ্বাস (ভা.জা.ক. - হেণ্ড),Nil,Nil,জয়গোবিন্দ বৰ্মন (ভা.জা.ক. - হেণ্ড),সন্তোষ বিশ্বাস (অ.গ.প. - এলিফেন্ট),কৃতিবাস মণ্ডল (নিৰ্দলীয় - কলিফ্লাৱাৰ),মনিকা বিশ্বাস বৈষ্ণৱ (টু লিভচ),ৰুপালী চৰকাৰ ৰয় (কলিফ্লাৱাৰ),Nil,Nil,Nil,Nil
29,9,AMBAGAN,6,PACHIM KALIABOR,56,LAKHANABANDHA,7,7 NO DHANEKHUWA 1ST PART,29,29 NO DHANEKHOWA ME SCHOOL,1047,জয়শ্ৰী মণ্ডল (অ.গ.প. - এলিফেন্ট),দিপা বিশ্বাস (ভা.জা.ক. - হেণ্ড),Nil,Nil,জয়গোবিন্দ বৰ্মন (ভা.জা.ক. - হেণ্ড),সন্তোষ বিশ্বাস (অ.গ.প. - এলিফেন্ট),কৃতিবাস মণ্ডল (নিৰ্দলীয় - কলিফ্লাৱাৰ),অজিত বিশ্বাস (টু লিভচ),প্ৰনতি বিশ্বাস (কলিফ্লাৱাৰ),Nil,Nil,Nil,Nil
30,9,AMBAGAN,6,PACHIM KALIABOR,56,LAKHANABANDHA,8,8 NO. DHANEKHUWA 2ND PART.,30,30 NO DHANEKHOWA LP SCHOOL,989,জয়শ্ৰী মণ্ডল (অ.গ.প. - এলিফেন্ট),দিপা বিশ্বাস (ভা.জা.ক. - হেণ্ড),Nil,Nil,জয়গোবিন্দ বৰ্মন (ভা.জা.ক. - হেণ্ড),সন্তোষ বিশ্বাস (অ.গ.প. - এলিফেন্ট),কৃতিবাস মণ্ডল (নিৰ্দলীয় - কলিফ্লাৱাৰ),মল্লিকা মণ্ডল (কলিফ্লাৱাৰ),স্বপ্না বিশ্বাস (টু লিভচ),Nil,Nil,Nil,Nil
31,9,AMBAGAN,6,PACHIM KALIABOR,56,LAKHANABANDHA,9,9 NO. KULIDUNGA 2ND PART,31,31 NO KULIDUNGA LP SCHOOL (MADHYA),779,জয়শ্ৰী মণ্ডল (অ.গ.প. - এলিফেন্ট),দিপা বিশ্বাস (ভা.জা.ক. - হেণ্ড),Nil,Nil,জয়গোবিন্দ বৰ্মন (ভা.জা.ক. - হেণ্ড),সন্তোষ বিশ্বাস (অ.গ.প. - এলিফেন্ট),কৃতিবাস মণ্ডল (নিৰ্দলীয় - কলিফ্লাৱাৰ),চিৰঞ্জিত বিশ্বাস (অট’ৰিক্সা),পদ্মিনী দাস (টু লিভচ),পংকজ মল্লিক (কলিফ্লাৱাৰ),Nil,Nil,Nil
32,9,AMBAGAN,6,PACHIM KALIABOR,56,LAKHANABANDHA,10,10 NO. KULIDUNGA PART-3,32,32 NO KULIDUNGA LP SCHOOL (PACHIM),786,জয়শ্ৰী মণ্ডল (অ.গ.প. - এলিফেন্ট),দিপা বিশ্বাস (ভা.জা.ক. - হেণ্ড),Nil,Nil,জয়গোবিন্দ বৰ্মন (ভা.জা.ক. - হেণ্ড),সন্তোষ বিশ্বাস (অ.গ.প. - এলিফেন্ট),কৃতিবাস মণ্ডল (নিৰ্দলীয় - কলিফ্লাৱাৰ),ত্ৰিবেনী সৰকাৰ (টু লিভচ),দিপ্তীৰানী মণ্ডল (কলিফ্লাৱাৰ),Nil,Nil,Nil,Nil
33,9,AMBAGAN,6,PACHIM KALIABOR,57,NIZ LAWKHOWA,1,PUB SALPARA (A),33,33 NO PUB SALPARA BALIKA MUKTAB SCHOOL(PUB),882,জয়শ্ৰী মণ্ডল (অ.গ.প. - এলিফেন্ট),দিপা বিশ্বাস (ভা.জা.ক. - হেণ্ড),Nil,Nil,দিপ্তী ৰাণী সৰকাৰ (ভা.জ.পা. - লটাচ),সুকুমাৰী মৈত্ৰ (নিৰ্দদলীয় - কাৰ),Nil,তুফাইল আহমেদ (কক’নাট ট্ৰী),সাহাদুল ইছলাম (টু লিভচ),Nil,Nil,Nil,Nil
34,9,AMBAGAN,6,PACHIM KALIABOR,57,NIZ LAWKHOWA,2,PUB SALPARA (B),34,34 NO PUB SALPARA BALIKA MUKTAB SCHOOL(PACHIM),778,জয়শ্ৰী মণ্ডল (অ.গ.প. - এলিফেন্ট),দিপা বিশ্বাস (ভা.জা.ক. - হেণ্ড),Nil,Nil,দিপ্তী ৰাণী সৰকাৰ (ভা.জ.পা. - লটাচ),সুকুমাৰী মৈত্ৰ (নিৰ্দদলীয় - কাৰ),Nil,পাৰবিন চুলতানা (টু লিভচ),হেবজুন নেহাৰ (কাপ এণ্ড প্লেট),Nil,Nil,Nil,Nil
35,9,AMBAGAN,6,PACHIM KALIABOR,57,NIZ LAWKHOWA,3,2 NO BHURBANDHA,35,35 NO PUB LAWKHOWA SATIJOYMATI LP SCHOOL,973,জয়শ্ৰী মণ্ডল (অ.গ.প. - এলিফেন্ট),দিপা বিশ্বাস (ভা.জা.ক. - হেণ্ড),Nil,Nil,দিপ্তী ৰাণী সৰকাৰ (ভা.জ.পা. - লটাচ),সুকুমাৰী মৈত্ৰ (নিৰ্দদলীয় - কাৰ),Nil,প্ৰিয়ংকা বিশ্বাস মণ্ডল (ৰাইজিং চান),ৰাখি চৰকাৰ (টু লিভচ),Nil,Nil,Nil,Nil
36,9,AMBAGAN,6,PACHIM KALIABOR,57,NIZ LAWKHOWA,4,BONGAON F.V,36,36 NO LAWKHOWA HIGH SCHOOL (PUB),260,জয়শ্ৰী মণ্ডল (অ.গ.প. - এলিফেন্ট),দিপা বিশ্বাস (ভা.জা.ক. - হেণ্ড),Nil,Nil,দিপ্তী ৰাণী সৰকাৰ (ভা.জ.পা. - লটাচ),সুকুমাৰী মৈত্ৰ (নিৰ্দদলীয় - কাৰ),Nil,Uncontested,Nil,Nil,Nil,Nil,Nil
37,9,AMBAGAN,6,PACHIM KALIABOR,57,NIZ LAWKHOWA,5,NIZ LAWKHOWA PART-1,37,37 NO LAWKHOWA M E SCHOOL (1),1079,জয়শ্ৰী মণ্ডল (অ.গ.প. - এলিফেন্ট),দিপা বিশ্বাস (ভা.জা.ক. - হেণ্ড),Nil,Nil,দিপ্তী ৰাণী সৰকাৰ (ভা.জ.পা. - লটাচ),সুকুমাৰী মৈত্ৰ (নিৰ্দদলীয় - কাৰ),Nil,নমিতা দাস সৰকাৰ (টু লিভচ),নিবেদিতা ৰায় (ৰাইজিং চান),Nil,Nil,Nil,Nil
38,9,AMBAGAN,6,PACHIM KALIABOR,57,NIZ LAWKHOWA,6,NIZ LAWKHOWA PART-2,38,38 NO LAWKHOWA M E SCHOOL (2),1084,জয়শ্ৰী মণ্ডল (অ.গ.প. - এলিফেন্ট),দিপা বিশ্বাস (ভা.জা.ক. - হেণ্ড),Nil,Nil,দিপ্তী ৰাণী সৰকাৰ (ভা.জ.পা. - লটাচ),সুকুমাৰী মৈত্ৰ (নিৰ্দদলীয় - কাৰ),Nil,Uncontested,Nil,Nil,Nil,Nil,Nil
39,9,AMBAGAN,6,PACHIM KALIABOR,57,NIZ LAWKHOWA,7,HARIBHANGA,39,39 NO KALIBARI LP SCHOOL (PUB),587,জয়শ্ৰী মণ্ডল (অ.গ.প. - এলিফেন্ট),দিপা বিশ্বাস (ভা.জা.ক. - হেণ্ড),Nil,Nil,দিপ্তী ৰাণী সৰকাৰ (ভা.জ.পা. - লটাচ),সুকুমাৰী মৈত্ৰ (নিৰ্দদলীয় - কাৰ),Nil,পৰেশ চন্দ্ৰ চৰকাৰ (টু লিভচ),মুন্না ৰায় (ৰাইজিং চান),Nil,Nil,Nil,Nil
40,9,AMBAGAN,6,PACHIM KALIABOR,57,NIZ LAWKHOWA,7,HARIBHANGA,40,40 NO KALIBARI LP SCHOOL (PACHIM),553,জয়শ্ৰী মণ্ডল (অ.গ.প. - এলিফেন্ট),দিপা বিশ্বাস (ভা.জা.ক. - হেণ্ড),Nil,Nil,দিপ্তী ৰাণী সৰকাৰ (ভা.জ.পা. - লটাচ),সুকুমাৰী মৈত্ৰ (নিৰ্দদলীয় - কাৰ),Nil,পৰেশ চন্দ্ৰ চৰকাৰ (টু লিভচ),মুন্না ৰায় (ৰাইজিং চান),Nil,Nil,Nil,Nil
41,9,AMBAGAN,6,PACHIM KALIABOR,57,NIZ LAWKHOWA,8,DAKHAIN BELOGURI PART-1,41,41 NO DAKHIN BELGURI LP SCHOOL,516,জয়শ্ৰী মণ্ডল (অ.গ.প. - এলিফেন্ট),দিপা বিশ্বাস (ভা.জা.ক. - হেণ্ড),Nil,Nil,দিপ্তী ৰাণী সৰকাৰ (ভা.জ.পা. - লটাচ),সুকুমাৰী মৈত্ৰ (নিৰ্দদলীয় - কাৰ),Nil,Uncontested,Nil,Nil,Nil,Nil,Nil
42,9,AMBAGAN,6,PACHIM KALIABOR,57,NIZ LAWKHOWA,9,DAKHAIN BELOGURI PART-2,42,42 NO UTTAR HARIBHANGA LP SCHOOL,629,জয়শ্ৰী মণ্ডল (অ.গ.প. - এলিফেন্ট),দিপা বিশ্বাস (ভা.জা.ক. - হেণ্ড),Nil,Nil,দিপ্তী ৰাণী সৰকাৰ (ভা.জ.পা. - লটাচ),সুকুমাৰী মৈত্ৰ (নিৰ্দদলীয় - কাৰ),Nil,কপিল মৌলিক (ৰাইজিং চান),সুব্ৰত ৰায় (টু লিভচ),Nil,Nil,Nil,Nil
43,9,AMBAGAN,6,PACHIM KALIABOR,57,NIZ LAWKHOWA,10,DAKHAIN BELOGURI PART-3,43,43 NO DAKHIN BELGURI MAHATMA LP SCHOOL,547,জয়শ্ৰী মণ্ডল (অ.গ.প. - এলিফেন্ট),দিপা বিশ্বাস (ভা.জা.ক. - হেণ্ড),Nil,Nil,দিপ্তী ৰাণী সৰকাৰ (ভা.জ.পা. - লটাচ),সুকুমাৰী মৈত্ৰ (নিৰ্দদলীয় - কাৰ),Nil,পম্পী সৰকাৰ (টু লিভচ),শেৱালী মণ্ডল (ৰাইজিং চান),Nil,Nil,Nil,Nil
44,9,AMBAGAN,6,PACHIM KALIABOR,58,RAHDHALA,1,RAHDHALA PART 1,44,44 RAHADHALA J.B SCHOOL RAHDHALA (PUB),675,জয়শ্ৰী মণ্ডল (অ.গ.প. - এলিফেন্ট),দিপা বিশ্বাস (ভা.জা.ক. - হেণ্ড),Nil,Nil,ইন্দ্ৰজিত দাস (অ.গ.প. - এলিফেন্ট),টঙ্ক বাহাদুৰ ছেত্ৰী (ভা.জা.ক. - হেণ্ড),Nil,নৰ্মদা ছেত্ৰী (কলিফ্লাৱাৰ),বিক্ৰম ছেত্ৰী (টু লিভচ),Nil,Nil,Nil,Nil
45,9,AMBAGAN,6,PACHIM KALIABOR,58,RAHDHALA,2,RAHDHALA PART 2,45,45 RAHADHALA J.B SCHOOL RAHDHALA (PACHIM),677,জয়শ্ৰী মণ্ডল (অ.গ.প. - এলিফেন্ট),দিপা বিশ্বাস (ভা.জা.ক. - হেণ্ড),Nil,Nil,ইন্দ্ৰজিত দাস (অ.গ.প. - এলিফেন্ট),টঙ্ক বাহাদুৰ ছেত্ৰী (ভা.জা.ক. - হেণ্ড),Nil,অমিৰ বাহাদুৰ ছেত্ৰী (কলিফ্লাৱাৰ),প্ৰকাশ কুমাৰ সুতাৰ (ওৱাটছ),মৃত্যুঞ্জয়ী শইকীয়া কাকতি (টু লিভচ),Nil,Nil,Nil
46,9,AMBAGAN,6,PACHIM KALIABOR,58,RAHDHALA,3,MISSAMUKHPAM,46,MISSAMUKHPAM LP SCHOOL,1149,জয়শ্ৰী মণ্ডল (অ.গ.প. - এলিফেন্ট),দিপা বিশ্বাস (ভা.জা.ক. - হেণ্ড),Nil,Nil,ইন্দ্ৰজিত দাস (অ.গ.প. - এলিফেন্ট),টঙ্ক বাহাদুৰ ছেত্ৰী (ভা.জা.ক. - হেণ্ড),Nil,চম্পা ৰানী দাস (কাপ এণ্ড প্লেট),যমুনা ছেত্ৰী (কলিফ্লাৱাৰ),Nil,Nil,Nil,Nil
47,9,AMBAGAN,6,PACHIM KALIABOR,58,RAHDHALA,4,KHALOIATI,47,47 NO KHALOIATI PRATHAMIK VIDYALAYA (PACHIM),850,জয়শ্ৰী মণ্ডল (অ.গ.প. - এলিফেন্ট),দিপা বিশ্বাস (ভা.জা.ক. - হেণ্ড),Nil,Nil,ইন্দ্ৰজিত দাস (অ.গ.প. - এলিফেন্ট),টঙ্ক বাহাদুৰ ছেত্ৰী (ভা.জা.ক. - হেণ্ড),Nil,চিমি মালাকাৰ (অট’ৰিক্সা),ৰেণু বিশ্বাস (টু লিভচ),Nil,Nil,Nil,Nil
48,9,AMBAGAN,6,PACHIM KALIABOR,58,RAHDHALA,5,BESELIMARI,48,48 NO KHALOIATI PRATHAMIK VIDYALAYA (PUB),546,জয়শ্ৰী মণ্ডল (অ.গ.প. - এলিফেন্ট),দিপা বিশ্বাস (ভা.জা.ক. - হেণ্ড),Nil,Nil,ইন্দ্ৰজিত দাস (অ.গ.প. - এলিফেন্ট),টঙ্ক বাহাদুৰ ছেত্ৰী (ভা.জা.ক. - হেণ্ড),Nil,Uncontested,Nil,Nil,Nil,Nil,Nil
49,9,AMBAGAN,6,PACHIM KALIABOR,58,RAHDHALA,6,BORBALITUP,49,49 NO BARBALI TUP L.P.SCHOOL (PUB),750,জয়শ্ৰী মণ্ডল (অ.গ.প. - এলিফেন্ট),দিপা বিশ্বাস (ভা.জা.ক. - হেণ্ড),Nil,Nil,ইন্দ্ৰজিত দাস (অ.গ.প. - এলিফেন্ট),টঙ্ক বাহাদুৰ ছেত্ৰী (ভা.জা.ক. - হেণ্ড),Nil,তুলিকা বিশ্বাস (কলিফ্লাৱাৰ),মমতা দাস (ৰাইজিং চান),ৰসনা বিশ্বাস (টু লিভচ),Nil,Nil,Nil
50,9,AMBAGAN,6,PACHIM KALIABOR,58,RAHDHALA,6,BORBALITUP,50,50 NO BARBALI TUP L.P.SCHOOL (PACHIM),439,জয়শ্ৰী মণ্ডল (অ.গ.প. - এলিফেন্ট),দিপা বিশ্বাস (ভা.জা.ক. - হেণ্ড),Nil,Nil,ইন্দ্ৰজিত দাস (অ.গ.প. - এলিফেন্ট),টঙ্ক বাহাদুৰ ছেত্ৰী (ভা.জা.ক. - হেণ্ড),Nil,তুলিকা বিশ্বাস (কলিফ্লাৱাৰ),মমতা দাস (ৰাইজিং চান),ৰসনা বিশ্বাস (টু লিভচ),Nil,Nil,Nil
51,9,AMBAGAN,6,PACHIM KALIABOR,58,RAHDHALA,7,GAHAGURI,51,4 NO GAHAGURI LP SCHOOL,774,জয়শ্ৰী মণ্ডল (অ.গ.প. - এলিফেন্ট),দিপা বিশ্বাস (ভা.জা.ক. - হেণ্ড),Nil,Nil,ইন্দ্ৰজিত দাস (অ.গ.প. - এলিফেন্ট),টঙ্ক বাহাদুৰ ছেত্ৰী (ভা.জা.ক. - হেণ্ড),Nil,নিটুল বিশ্বাস (টু লিভচ),প্ৰনামী বৰা (কলিফ্লাৱাৰ),প্ৰিয়াক্ষী বৰা দাধৰা (এৰ’প্লেন),ভূপেন লিগিৰা (কাপ এণ্ড প্লেট),Nil,Nil
52,9,AMBAGAN,6,PACHIM KALIABOR,58,RAHDHALA,8,SIBASTHAN,52,52 NO SIBASTHAN LP SCHOOL,305,জয়শ্ৰী মণ্ডল (অ.গ.প. - এলিফেন্ট),দিপা বিশ্বাস (ভা.জা.ক. - হেণ্ড),Nil,Nil,ইন্দ্ৰজিত দাস (অ.গ.প. - এলিফেন্ট),টঙ্ক বাহাদুৰ ছেত্ৰী (ভা.জা.ক. - হেণ্ড),Nil,ধৰিত্ৰী বৰা শইকীয়া (কলিফ্লাৱাৰ),মিতালী বৰুৱা (টু লিভচ),Nil,Nil,Nil,Nil
53,9,AMBAGAN,6,PACHIM KALIABOR,58,RAHDHALA,9,KAOIMARI,53,53 NO DIGHALIATI LP SCHOOL,723,জয়শ্ৰী মণ্ডল (অ.গ.প. - এলিফেন্ট),দিপা বিশ্বাস (ভা.জা.ক. - হেণ্ড),Nil,Nil,ইন্দ্ৰজিত দাস (অ.গ.প. - এলিফেন্ট),টঙ্ক বাহাদুৰ ছেত্ৰী (ভা.জা.ক. - হেণ্ড),Nil,বন্তী দেবী (কলিফ্লাৱাৰ),সংগীতা কটকী বৰা (টু লিভচ),Nil,Nil,Nil,Nil
54,9,AMBAGAN,6,PACHIM KALIABOR,58,RAHDHALA,10,MAJULI GARUMARA 2,54,54 NO GARUMARA LP SCHOOL,926,জয়শ্ৰী মণ্ডল (অ.গ.প. - এলিফেন্ট),দিপা বিশ্বাস (ভা.জা.ক. - হেণ্ড),Nil,Nil,ইন্দ্ৰজিত দাস (অ.গ.প. - এলিফেন্ট),টঙ্ক বাহাদুৰ ছেত্ৰী (ভা.জা.ক. - হেণ্ড),Nil,আনন্দ দাস (টু লিভচ),কপিল দাস (কলিফ্লাৱাৰ),Nil,Nil,Nil,Nil
55,9,AMBAGAN,6,PACHIM KALIABOR,58,RAHDHALA,10,MAJULI GARUMARA 2,54A,GARUMARA LP SCHOOL (WEST),663,জয়শ্ৰী মণ্ডল (অ.গ.প. - এলিফেন্ট),দিপা বিশ্বাস (ভা.জা.ক. - হেণ্ড),Nil,Nil,ইন্দ্ৰজিত দাস (অ.গ.প. - এলিফেন্ট),টঙ্ক বাহাদুৰ ছেত্ৰী (ভা.জা.ক. - হেণ্ড),Nil,আনন্দ দাস (টু লিভচ),কপিল দাস (কলিফ্লাৱাৰ),Nil,Nil,Nil,Nil
56,9,AMBAGAN,6,PACHIM KALIABOR,59,TUBUKIJARANI,1,TUBUKIJARANI (PART 1),55,55 NO TUBUKIJARANI PRATHAMIK VIDYALAYA (PUB),486,জয়শ্ৰী মণ্ডল (অ.গ.প. - এলিফেন্ট),দিপা বিশ্বাস (ভা.জা.ক. - হেণ্ড),Nil,Nil,নন্দিতা মৈত্ৰ (ভা.জ.পা. - লটাচ),সুজাতা সৰকাৰ (ভা.জা.ক. - হেণ্ড),ৰিতা দাস মণ্ডল (নিৰ্দলীয় - (কক’নাট ট্ৰী),উষা ৰাণি দাস সৰকাৰ (টু লিভচ),সুমী মণ্ডল (এৰ’প্লেন),Nil,Nil,Nil,Nil
57,9,AMBAGAN,6,PACHIM KALIABOR,59,TUBUKIJARANI,2,TUBUKIJARANI (PART 2),56,56 NO TUBUKIJARANI PRATHAMIK VIDYALAYA (PACHIM),478,জয়শ্ৰী মণ্ডল (অ.গ.প. - এলিফেন্ট),দিপা বিশ্বাস (ভা.জা.ক. - হেণ্ড),Nil,Nil,নন্দিতা মৈত্ৰ (ভা.জ.পা. - লটাচ),সুজাতা সৰকাৰ (ভা.জা.ক. - হেণ্ড),ৰিতা দাস মণ্ডল (নিৰ্দলীয় - (কক’নাট ট্ৰী),জুণ্টি সৰকাৰ (টু লিভচ),শিবানী মণ্ডল (এৰ’প্লেন),Nil,Nil,Nil,Nil
58,9,AMBAGAN,6,PACHIM KALIABOR,59,TUBUKIJARANI,3,TUBUKIJARANI (PART 3),57,57 TUBUKIJARANI MADHYA ENGRAJI VIDYALAYA,574,জয়শ্ৰী মণ্ডল (অ.গ.প. - এলিফেন্ট),দিপা বিশ্বাস (ভা.জা.ক. - হেণ্ড),Nil,Nil,নন্দিতা মৈত্ৰ (ভা.জ.পা. - লটাচ),সুজাতা সৰকাৰ (ভা.জা.ক. - হেণ্ড),ৰিতা দাস মণ্ডল (নিৰ্দলীয় - (কক’নাট ট্ৰী),কমল মণ্ডল (এৰ’প্লেন),মাতঙ্গ মণ্ডল (টু লিভচ),Nil,Nil,Nil,Nil
59,9,AMBAGAN,6,PACHIM KALIABOR,59,TUBUKIJARANI,4,UTTAR BHOMORAGURI (PART 1),58,58 NO UTTAR BHOMORAGURI BAGDEVI LP SCHOOL (PUB),428,জয়শ্ৰী মণ্ডল (অ.গ.প. - এলিফেন্ট),দিপা বিশ্বাস (ভা.জা.ক. - হেণ্ড),Nil,Nil,নন্দিতা মৈত্ৰ (ভা.জ.পা. - লটাচ),সুজাতা সৰকাৰ (ভা.জা.ক. - হেণ্ড),ৰিতা দাস মণ্ডল (নিৰ্দলীয় - (কক’নাট ট্ৰী),প্ৰেমানন্দ তালুকদাৰ (কাৰ),বাপ্পি মণ্ডল (টু লিভচ),মামনি দাস (এৰ’প্লেন),Nil,Nil,Nil
60,9,AMBAGAN,6,PACHIM KALIABOR,59,TUBUKIJARANI,5,UTTAR BHOMORAGURI (PART 2),59,59 NO UTTAR BHOMORAGURI BAGDEVI LP SCHOOL (PACHIM),377,জয়শ্ৰী মণ্ডল (অ.গ.প. - এলিফেন্ট),দিপা বিশ্বাস (ভা.জা.ক. - হেণ্ড),Nil,Nil,নন্দিতা মৈত্ৰ (ভা.জ.পা. - লটাচ),সুজাতা সৰকাৰ (ভা.জা.ক. - হেণ্ড),ৰিতা দাস মণ্ডল (নিৰ্দলীয় - (কক’নাট ট্ৰী),কমল দাস (এৰ’প্লেন),কানন অধিকাৰী (টু লিভচ),Nil,Nil,Nil,Nil
61,9,AMBAGAN,6,PACHIM KALIABOR,59,TUBUKIJARANI,6,UTTAR BELGURI (PART 1),60,60 NO SRIMANTA SANKAR DEV PRATHAMIK VIDYALAYA (PUB),504,জয়শ্ৰী মণ্ডল (অ.গ.প. - এলিফেন্ট),দিপা বিশ্বাস (ভা.জা.ক. - হেণ্ড),Nil,Nil,নন্দিতা মৈত্ৰ (ভা.জ.পা. - লটাচ),সুজাতা সৰকাৰ (ভা.জা.ক. - হেণ্ড),ৰিতা দাস মণ্ডল (নিৰ্দলীয় - (কক’নাট ট্ৰী),কাকলী সৰকাৰ (ব’ এণ্ড এৰ’),ফুলমালা মণ্ডল (এৰ’প্লেন),মণিকা মণ্ডল সৰকাৰ (টু লিভচ),Nil,Nil,Nil
62,9,AMBAGAN,6,PACHIM KALIABOR,59,TUBUKIJARANI,7,UTTAR BELGURI (PART 2),61,61 NO SRIMANTA SANKAR DEV PRATHAMIK VIDYALAYA (PACHIM),529,জয়শ্ৰী মণ্ডল (অ.গ.প. - এলিফেন্ট),দিপা বিশ্বাস (ভা.জা.ক. - হেণ্ড),Nil,Nil,নন্দিতা মৈত্ৰ (ভা.জ.পা. - লটাচ),সুজাতা সৰকাৰ (ভা.জা.ক. - হেণ্ড),ৰিতা দাস মণ্ডল (নিৰ্দলীয় - (কক’নাট ট্ৰী),ৰিয়া সৰকাৰ (টু লিভচ),সম্পী ৰয় সৰকাৰ (এৰ’প্লেন),Nil,Nil,Nil,Nil
63,9,AMBAGAN,6,PACHIM KALIABOR,59,TUBUKIJARANI,8,"BHURBANDHA 4, BHURBANDHA BAZAR",62,4 NO BHURBANDHA MUKTAB SCHOOL (WEST),1142,জয়শ্ৰী মণ্ডল (অ.গ.প. - এলিফেন্ট),দিপা বিশ্বাস (ভা.জা.ক. - হেণ্ড),Nil,Nil,নন্দিতা মৈত্ৰ (ভা.জ.পা. - লটাচ),সুজাতা সৰকাৰ (ভা.জা.ক. - হেণ্ড),ৰিতা দাস মণ্ডল (নিৰ্দলীয় - (কক’নাট ট্ৰী),চুলতানা ৰেজিয়া (হেণ্ড পাম্প),ফাৰুক আব্দুল্লাহ (এৰ’প্লেন),ৰুফিয়া বেগম (টু লিভচ),Nil,Nil,Nil
64,9,AMBAGAN,6,PACHIM KALIABOR,59,TUBUKIJARANI,8,"BHURBANDHA 4, BHURBANDHA BAZAR",62A,4 NO BHURBANDHA MUKTAB SCHOOL (EAST),1106,জয়শ্ৰী মণ্ডল (অ.গ.প. - এলিফেন্ট),দিপা বিশ্বাস (ভা.জা.ক. - হেণ্ড),Nil,Nil,নন্দিতা মৈত্ৰ (ভা.জ.পা. - লটাচ),সুজাতা সৰকাৰ (ভা.জা.ক. - হেণ্ড),ৰিতা দাস মণ্ডল (নিৰ্দলীয় - (কক’নাট ট্ৰী),চুলতানা ৰেজিয়া (হেণ্ড পাম্প),ফাৰুক আব্দুল্লাহ (এৰ’প্লেন),ৰুফিয়া বেগম (টু লিভচ),Nil,Nil,Nil
65,9,AMBAGAN,6,PACHIM KALIABOR,59,TUBUKIJARANI,9,MOHBAR ALI (PART 1),63,63 NO UTTAR MOHBAR ALI LP SCHOOL,461,জয়শ্ৰী মণ্ডল (অ.গ.প. - এলিফেন্ট),দিপা বিশ্বাস (ভা.জা.ক. - হেণ্ড),Nil,Nil,নন্দিতা মৈত্ৰ (ভা.জ.পা. - লটাচ),সুজাতা সৰকাৰ (ভা.জা.ক. - হেণ্ড),ৰিতা দাস মণ্ডল (নিৰ্দলীয় - (কক’নাট ট্ৰী),কাকলী সৰকাৰ (এৰ’প্লেন),চঞ্চলী মণ্ডল (টু লিভচ),Nil,Nil,Nil,Nil
66,9,AMBAGAN,6,PACHIM KALIABOR,59,TUBUKIJARANI,10,MOHBAR ALI (PART 2),64,64 MOHABAR ALI LP SCHOOL,485,জয়শ্ৰী মণ্ডল (অ.গ.প. - এলিফেন্ট),দিপা বিশ্বাস (ভা.জা.ক. - হেণ্ড),Nil,Nil,নন্দিতা মৈত্ৰ (ভা.জ.পা. - লটাচ),সুজাতা সৰকাৰ (ভা.জা.ক. - হেণ্ড),ৰিতা দাস মণ্ডল (নিৰ্দলীয় - (কক’নাট ট্ৰী),কমল চৰকাৰ (অট’ৰিক্সা),দিবাকৰ বিশ্বাস (এৰ’প্লেন),নকুল দাস (ব’ এণ্ড এৰ’),প্ৰণৱ সিংহ (কক’নাট ট্ৰী),Nil,Nil
67,10,CHATIAL PUBTHORIA,5,KALIABOR,60,HATBOR,1,1 NO. CHATIAL (1ST PART),1,10 NO. NASATRA LP SCHOOL,702,Uncontested,Nil,Nil,Nil,Uncontested,Nil,Nil,Uncontested,Nil,Nil,Nil,Nil,Nil
68,10,CHATIAL PUBTHORIA,5,KALIABOR,60,HATBOR,2,2 NO. CHATIAL (2ND PART),2,RASARAM LP SCHOOL,647,Uncontested,Nil,Nil,Nil,Uncontested,Nil,Nil,অঞ্জনা শইকীয়া (টু লিভচ),পিংকি শইকীয়া বৰা (কাপ এণ্ড প্লেট),Nil,Nil,Nil,Nil
69,10,CHATIAL PUBTHORIA,5,KALIABOR,60,HATBOR,3,3 NO. SAKMUTHI (1ST PART),3,HATBOR LP SCHOOL (PUB),650,Uncontested,Nil,Nil,Nil,Uncontested,Nil,Nil,Uncontested,Nil,Nil,Nil,Nil,Nil
70,10,CHATIAL PUBTHORIA,5,KALIABOR,60,HATBOR,4,4 NO. SAKMUTHI (2ND PART),4,HATBOR LP SCHOOL (PACHIM),645,Uncontested,Nil,Nil,Nil,Uncontested,Nil,Nil,উতপল বৰা (টু লিভচ),ৰনমনি বৰা গায়ন (অ'টৰিক্সা),Nil,Nil,Nil,Nil
71,10,CHATIAL PUBTHORIA,5,KALIABOR,60,HATBOR,5,5 NO. GARIKURI (1ST PART),5,DALGAON PRATHAMIK VIDYALAYA (PUB),1013,Uncontested,Nil,Nil,Nil,Uncontested,Nil,Nil,লুনা হাজৰিকা বৰা (টু লিভচ),হিৰুমনি বৰা (কাৰ),Nil,Nil,Nil,Nil
72,10,CHATIAL PUBTHORIA,5,KALIABOR,60,HATBOR,6,6 NO. DOLGAON (1ST PART),6,DALGAON PRATHAMIK VIDYALAYA (PACHIM),487,Uncontested,Nil,Nil,Nil,Uncontested,Nil,Nil,কবিতা শইকীয়া (টু লিভচ),নিৰ্মালী শৰ্মা বৰঠাকুৰ (হেণ্ড পাম্প),Nil,Nil,Nil,Nil
73,10,CHATIAL PUBTHORIA,5,KALIABOR,60,HATBOR,7,7 NO. DOLGAON PART 2,7,DALGAON MUKTAB LP SCHOOL,1040,Uncontested,Nil,Nil,Nil,Uncontested,Nil,Nil,Uncontested,Nil,Nil,Nil,Nil,Nil
74,10,CHATIAL PUBTHORIA,5,KALIABOR,60,HATBOR,8,8 NO. JAWKATA DALGAON III,8,DALGAON MUKTAB LP SCHOOL (KA),496,Uncontested,Nil,Nil,Nil,Uncontested,Nil,Nil,জালালউদ্দিন আহমেদ (টু লিভচ),বিনীতা শইকীয়া (অট'ৰিক্সা),মতিউৰ ৰহমান (কাৰ),Nil,Nil,Nil
75,10,CHATIAL PUBTHORIA,5,KALIABOR,60,HATBOR,9,9 NO. MOTHOUKHAT,9,MATHOUKHAT LP SCHOOL,898,Uncontested,Nil,Nil,Nil,Uncontested,Nil,Nil,চম্পা বৰদলৈ (অট'ৰিক্সা),মেনচিং কিলিং (টু লিভচ),Nil,Nil,Nil,Nil
76,10,CHATIAL PUBTHORIA,5,KALIABOR,60,HATBOR,10,10 NO. BAMUNI POTHAR,10,BAMUNI PRATHAMIK VIDYALAYA,657,Uncontested,Nil,Nil,Nil,Uncontested,Nil,Nil,নবীন দাস (অট'ৰিক্সা),নাজিমুল হক (টু লিভচ),Nil,Nil,Nil,Nil
77,10,CHATIAL PUBTHORIA,5,KALIABOR,61,KUWARITOL GP,1,1 NO. KUWARITOL (1 ST PART),11,KUWARITOL HIGH SCHOOL (PUB),647,Uncontested,Nil,Nil,Nil,প্ৰদীপ কুমাৰ বৰা (অ.গ.প. - এলিফেন্ট),প্ৰাঞ্জল প্ৰতিম বৰা (ভা.জা.ক. - হেণ্ড),Nil,বৰ্ণালী শইকীয়া বৰুৱা (ক'লিফ্লাৱাৰ),মনিষা বৰা (টু লিভচ),Nil,Nil,Nil,Nil
78,10,CHATIAL PUBTHORIA,5,KALIABOR,61,KUWARITOL GP,2,2 NO. KUWARITOL (2ND PART),12,KUWARITOL HIGH SCHOOL (PACHIM),625,Uncontested,Nil,Nil,Nil,প্ৰদীপ কুমাৰ বৰা (অ.গ.প. - এলিফেন্ট),প্ৰাঞ্জল প্ৰতিম বৰা (ভা.জা.ক. - হেণ্ড),Nil,Uncontested,Nil,Nil,Nil,Nil,Nil
79,10,CHATIAL PUBTHORIA,5,KALIABOR,61,KUWARITOL GP,3,3 NO.  KUWARITOL (3RD PART),13,SARDAR BALLAB BHAI PATEL MV SCHOOL (PACHIM),470,Uncontested,Nil,Nil,Nil,প্ৰদীপ কুমাৰ বৰা (অ.গ.প. - এলিফেন্ট),প্ৰাঞ্জল প্ৰতিম বৰা (ভা.জা.ক. - হেণ্ড),Nil,জয়দেৱ মহন্ত (ব্লেক বৰ্ড),প্ৰশান্ত বৰা (ডাম্ববেল),Nil,Nil,Nil,Nil
80,10,CHATIAL PUBTHORIA,5,KALIABOR,61,KUWARITOL GP,4,4 NO. KUWARITOL (4TH PART),14,SARDAR BALLAB BHAI PATEL MV SCHOOL (PUB),415,Uncontested,Nil,Nil,Nil,প্ৰদীপ কুমাৰ বৰা (অ.গ.প. - এলিফেন্ট),প্ৰাঞ্জল প্ৰতিম বৰা (ভা.জা.ক. - হেণ্ড),Nil,অনিমা হাজৰীকা (টু লিভচ),প্ৰনিতা বৰদলৈ (ক'লিফ্লাৱাৰ),Nil,Nil,Nil,Nil
81,10,CHATIAL PUBTHORIA,5,KALIABOR,61,KUWARITOL GP,5,5 NO. HATIGAON (1ST PART),15,DARIGOJI LP SCHOOL,695,Uncontested,Nil,Nil,Nil,প্ৰদীপ কুমাৰ বৰা (অ.গ.প. - এলিফেন্ট),প্ৰাঞ্জল প্ৰতিম বৰা (ভা.জা.ক. - হেণ্ড),Nil,নৱনীতা দাস (ক'কনাট ট্ৰি),ৰিম্পি শইকীয়া (এৰুপ্লেন),ৰুবি বৰা (টু লিভচ),Nil,Nil,Nil
82,10,CHATIAL PUBTHORIA,5,KALIABOR,61,KUWARITOL GP,6,6 NO. HATIGAON (2ND PART),16,HATIGAON LP SCHOOL,1184,Uncontested,Nil,Nil,Nil,প্ৰদীপ কুমাৰ বৰা (অ.গ.প. - এলিফেন্ট),প্ৰাঞ্জল প্ৰতিম বৰা (ভা.জা.ক. - হেণ্ড),Nil,দিতিস্মিতা কলিতা (ককনাট ট্ৰি),পল্লৱী শইকীয়া (কাপ এণ্ড প্লেট),পিনাকী শইকীয়া বৰদলৈ (টু লিভচ),মমী বৰদলৈ হাজৰিকা (টাইপ ৰাইটাৰ),মৌচুমী হাজৰিকা (মাইক),Nil
83,10,CHATIAL PUBTHORIA,5,KALIABOR,61,KUWARITOL GP,7,7 NO. UPPAR BORBHOGIA (1ST PART),17,KASTURBA ASHRAM SARKARI PRATHAMIK VIDYALAYA,706,Uncontested,Nil,Nil,Nil,প্ৰদীপ কুমাৰ বৰা (অ.গ.প. - এলিফেন্ট),প্ৰাঞ্জল প্ৰতিম বৰা (ভা.জা.ক. - হেণ্ড),Nil,পদুম শৰ্ম্মা (ক'লিফ্লাৱাৰ),মৃনাল বৰা (টু লিভচ),Nil,Nil,Nil,Nil
84,10,CHATIAL PUBTHORIA,5,KALIABOR,61,KUWARITOL GP,8,8 NO. UPPAR BORBHOGIA (2ND PART),18,BUDHIMAN NAOPANI CHETRY LP SCHOOL,1086,Uncontested,Nil,Nil,Nil,প্ৰদীপ কুমাৰ বৰা (অ.গ.প. - এলিফেন্ট),প্ৰাঞ্জল প্ৰতিম বৰা (ভা.জা.ক. - হেণ্ড),Nil,সবিতা বিশ্বাস (টু লিভচ),ৰিনাদাস মণ্ডল (ব'ট),Nil,Nil,Nil,Nil
85,10,CHATIAL PUBTHORIA,5,KALIABOR,61,KUWARITOL GP,9,9 NO. OUGURI (1ST PART),19,PACHIM KALIABOR LP SCHOOL (PUB),876,Uncontested,Nil,Nil,Nil,প্ৰদীপ কুমাৰ বৰা (অ.গ.প. - এলিফেন্ট),প্ৰাঞ্জল প্ৰতিম বৰা (ভা.জা.ক. - হেণ্ড),Nil,Uncontested,Nil,Nil,Nil,Nil,Nil
86,10,CHATIAL PUBTHORIA,5,KALIABOR,61,KUWARITOL GP,10,10 NO. OUGURI (2ND PART),20,PACHIM KALIABOR MV SCHOOL (PACHIM),890,Uncontested,Nil,Nil,Nil,প্ৰদীপ কুমাৰ বৰা (অ.গ.প. - এলিফেন্ট),প্ৰাঞ্জল প্ৰতিম বৰা (ভা.জা.ক. - হেণ্ড),Nil,অঞ্জলি বৰচমুৱা (হেণ্ড পাম্প),চম্পা খাখলাৰী (ককনাট ট্ৰি),Nil,Nil,Nil,Nil
87,10,CHATIAL PUBTHORIA,5,KALIABOR,62,MAZ PUBTHORIA,1,1 NO SAMDHARA,21,SAMDHORA LP SCHOOL (PUB),738,Uncontested,Nil,Nil,Nil,Uncontested,Nil,Nil,Uncontested,Nil,Nil,Nil,Nil,Nil
88,10,CHATIAL PUBTHORIA,5,KALIABOR,62,MAZ PUBTHORIA,1,1 NO SAMDHARA,22,SAMDHORA LP SCHOOL (PUB) (KA),678,Uncontested,Nil,Nil,Nil,Uncontested,Nil,Nil,Uncontested,Nil,Nil,Nil,Nil,Nil
89,10,CHATIAL PUBTHORIA,5,KALIABOR,62,MAZ PUBTHORIA,2,2 NO DEURICHILABANDHA 1ST PART,23,DEWRI CHILABANDHA MV SCHOOL (PACHIM),682,Uncontested,Nil,Nil,Nil,Uncontested,Nil,Nil,ছায়াৰানী সূত (টু লিভচ),মালামনি ওজা হাজৰিকা (কাৰ),Nil,Nil,Nil,Nil
90,10,CHATIAL PUBTHORIA,5,KALIABOR,62,MAZ PUBTHORIA,3,3NO DEURICHILABANDHA 2ND PART,24,DEURI CHILLABANDHA MV SCHOOL (PUB KHANDA),706,Uncontested,Nil,Nil,Nil,Uncontested,Nil,Nil,জুৰি শইকীয়া (হেণ্ড পাম্প),সীমা বৰা (টু লিভচ),Nil,Nil,Nil,Nil
91,10,CHATIAL PUBTHORIA,5,KALIABOR,62,MAZ PUBTHORIA,4,4 NO LANGICUK 1ST PART,25,MADHAYA KALIABOR GIRLS HIGH SCHOOL,350,Uncontested,Nil,Nil,Nil,Uncontested,Nil,Nil,পাখি মহন্ত (হেণ্ড পাম্প),বিশ্বজিৎ নাথ (টু লিভচ),মিজুমনি বৰা (কাৰ),Nil,Nil,Nil
92,10,CHATIAL PUBTHORIA,5,KALIABOR,62,MAZ PUBTHORIA,4,4 NO LANGICUK 1ST PART,26,MADHAYA KALIABOR GIRLS HIGH BSCHOOL (KA),906,Uncontested,Nil,Nil,Nil,Uncontested,Nil,Nil,পাখি মহন্ত (হেণ্ড পাম্প),বিশ্বজিৎ নাথ (টু লিভচ),মিজুমনি বৰা (কাৰ),Nil,Nil,Nil
93,10,CHATIAL PUBTHORIA,5,KALIABOR,62,MAZ PUBTHORIA,5,5 NO. LANGICHUK 2 ND PART,27,NIZ CHILABANDHA LP SCHOOL,658,Uncontested,Nil,Nil,Nil,Uncontested,Nil,Nil,চিত্ৰ প্ৰভা দাস (টু লিভচ),পূৱালী দাস (কাৰ),Nil,Nil,Nil,Nil
94,10,CHATIAL PUBTHORIA,5,KALIABOR,62,MAZ PUBTHORIA,5,5 NO. LANGICHUK 2 ND PART,28,NIZ CHILABANDHA LP SCHOOL (KA),730,Uncontested,Nil,Nil,Nil,Uncontested,Nil,Nil,চিত্ৰ প্ৰভা দাস (টু লিভচ),পূৱালী দাস (কাৰ),Nil,Nil,Nil,Nil
95,10,CHATIAL PUBTHORIA,5,KALIABOR,62,MAZ PUBTHORIA,6,6 NO HATIYEKHUWA,29,HATIEKHOWA PRIMARY SCHOOL,1187,Uncontested,Nil,Nil,Nil,Uncontested,Nil,Nil,নমিতা দাস (টু লিভচ),বাবুল বিশ্বাস (কাৰ),Nil,Nil,Nil,Nil
96,10,CHATIAL PUBTHORIA,5,KALIABOR,62,MAZ PUBTHORIA,7,7 NO BHUMURAGURI,30,BHOMORAGURI ME SCHOOL,745,Uncontested,Nil,Nil,Nil,Uncontested,Nil,Nil,নিতুমনি দেৱী (টু লিভচ),ৰিকুমনি বৰা (হেণ্ড পাম্প),Nil,Nil,Nil,Nil
97,10,CHATIAL PUBTHORIA,5,KALIABOR,62,MAZ PUBTHORIA,8,8 NO JENGANI KATIACHAPARI SALPARA,31,JENGANI KATIACHAPARI LPS,442,Uncontested,Nil,Nil,Nil,Uncontested,Nil,Nil,নিলম জ্যোতি বৰা (টু লিভচ),বিন্দীয়া কাথাৰপী (হেণ্ডপাম্প),Nil,Nil,Nil,Nil
98,10,CHATIAL PUBTHORIA,5,KALIABOR,62,MAZ PUBTHORIA,9,9 NO NALTOLI 1ST PART,32,NALTALI LP SCHOOL,1231,Uncontested,Nil,Nil,Nil,Uncontested,Nil,Nil,ভাৰ্গবী গগৈ বৰা (টু লিভচ),ৰজিতা দেৱী (হেণ্ড পাম্প),Nil,Nil,Nil,Nil
99,10,CHATIAL PUBTHORIA,5,KALIABOR,62,MAZ PUBTHORIA,10,10 NO. NALTOLI 2ND PART,33,PACHIM NALTOLI SIBASTHAN LP SCHOOL,762,Uncontested,Nil,Nil,Nil,Uncontested,Nil,Nil,শিখা দাস (হেণ্ড পাম্প),স্নেহলতা ডেকা হাজৰিকা (টু লিভচ),Nil,Nil,Nil,Nil
100,10,CHATIAL PUBTHORIA,5,KALIABOR,62,MAZ PUBTHORIA,10,10 NO. NALTOLI 2ND PART,34,PACHIM NALTOLI SIBASTHAN LP SCHOOL (KA),333,Uncontested,Nil,Nil,Nil,Uncontested,Nil,Nil,শিখা দাস (হেণ্ড পাম্প),স্নেহলতা ডেকা হাজৰিকা (টু লিভচ),Nil,Nil,Nil,Nil
101,10,CHATIAL PUBTHORIA,5,KALIABOR,63,PUB-PUBTHARIA,1,HATIMURA,35,HATIMURA LP SCHOOL (PUB),360,Uncontested,Nil,Nil,Nil,Uncontested,Nil,Nil,Uncontested,Nil,Nil,Nil,Nil,Nil
102,10,CHATIAL PUBTHORIA,5,KALIABOR,63,PUB-PUBTHARIA,2,DAKHINPAT,36,HATIMURA LP SCHOOL (PACHIM),364,Uncontested,Nil,Nil,Nil,Uncontested,Nil,Nil,Uncontested,Nil,Nil,Nil,Nil,Nil
103,10,CHATIAL PUBTHORIA,5,KALIABOR,63,PUB-PUBTHARIA,3,DULAL MADHAB,37,DULAL MADHAB MV SCHOOL (PUB),752,Uncontested,Nil,Nil,Nil,Uncontested,Nil,Nil,ববিতা বৰঠাকুৰ (কাৰ),ৰীমা শইকীয়া বৰা (টু লিভছ),Nil,Nil,Nil,Nil
104,10,CHATIAL PUBTHORIA,5,KALIABOR,63,PUB-PUBTHARIA,4,MADHATARI PART-I,38,PUBTHARIA HIGH SCHOOL,461,Uncontested,Nil,Nil,Nil,Uncontested,Nil,Nil,Uncontested,Nil,Nil,Nil,Nil,Nil
105,10,CHATIAL PUBTHORIA,5,KALIABOR,63,PUB-PUBTHARIA,5,MADHATARI PART-II,39,DULAL MADHAB MV SCHOOL,580,Uncontested,Nil,Nil,Nil,Uncontested,Nil,Nil,Uncontested,Nil,Nil,Nil,Nil,Nil
106,10,CHATIAL PUBTHORIA,5,KALIABOR,63,PUB-PUBTHARIA,6,MADHATARI PART-III,40,2 NO. KALIABOR SISU NIKETON (PUB),382,Uncontested,Nil,Nil,Nil,Uncontested,Nil,Nil,Uncontested,Nil,Nil,Nil,Nil,Nil
107,10,CHATIAL PUBTHORIA,5,KALIABOR,63,PUB-PUBTHARIA,7,NIZ PUBTHARIA PART-I,41,PUBTHORIA MV SCHOOL (PUB),677,Uncontested,Nil,Nil,Nil,Uncontested,Nil,Nil,Uncontested,Nil,Nil,Nil,Nil,Nil
108,10,CHATIAL PUBTHORIA,5,KALIABOR,63,PUB-PUBTHARIA,8,NIZ PUBTHARIA PART-II,42,PUBTHORIA MV SCHOOL (PACHIM),567,Uncontested,Nil,Nil,Nil,Uncontested,Nil,Nil,Uncontested,Nil,Nil,Nil,Nil,Nil
109,10,CHATIAL PUBTHORIA,5,KALIABOR,63,PUB-PUBTHARIA,9,TELIA CHOOK,43,TELIACHUK ANGANWADI CENTRE,559,Uncontested,Nil,Nil,Nil,Uncontested,Nil,Nil,Uncontested,Nil,Nil,Nil,Nil,Nil
110,10,CHATIAL PUBTHORIA,5,KALIABOR,63,PUB-PUBTHARIA,10,MORIA GAON,44,KUWARITOL MUKTAB SCHOOL (PUB),860,Uncontested,Nil,Nil,Nil,Uncontested,Nil,Nil,Uncontested,Nil,Nil,Nil,Nil,Nil
111,10,CHATIAL PUBTHORIA,5,KALIABOR,63,PUB-PUBTHARIA,10,MORIA GAON,44A,KUWARITOL MUKTAB SCHOOL (PACHIM),643,Uncontested,Nil,Nil,Nil,Uncontested,Nil,Nil,Uncontested,Nil,Nil,Nil,Nil,Nil
112,10,CHATIAL PUBTHORIA,5,KALIABOR,64,UTTER PACHIM PUBTHORIA,1,1 NO. KUHIMARI 1ST PART,45,KURHIMARI MAJALIA SCHOOL (PUB),671,Uncontested,Nil,Nil,Nil,বিশ্বজিত মিজাৰ (ভা.জা.ক. - হেণ্ড),সন্দীপ দাস (ভা.জ.পা. - লটাচ),লক্ষ্মণ ৰাজভৰ (নিৰ্দলীয় - কাৰ),জ্ঞানদা দেৱী (টু লিভছ),নীলমণি শইকীয়া (কলি ফ্লাৱাৰ),শিখা মণি হাজৰিকা শইকীয়া (কাপ এণ্ড প্লেট),সবিতা দাস (হেণ্ড পাম্প),Nil,Nil
113,10,CHATIAL PUBTHORIA,5,KALIABOR,64,UTTER PACHIM PUBTHORIA,2,2 NO. KURHIMARI 2ND PART,46,KURHIMARI MAJALIA SCHOOL (PACHIM),568,Uncontested,Nil,Nil,Nil,বিশ্বজিত মিজাৰ (ভা.জা.ক. - হেণ্ড),সন্দীপ দাস (ভা.জ.পা. - লটাচ),লক্ষ্মণ ৰাজভৰ (নিৰ্দলীয় - কাৰ),টুলটুল শইকিয়া (কাৰ),মণিষা ৰাজখোৱা (টু লিভছ),Nil,Nil,Nil,Nil
114,10,CHATIAL PUBTHORIA,5,KALIABOR,64,UTTER PACHIM PUBTHORIA,3,3 NO HATIBANDHA 1ST PART,47,HATIBANDHA LP SCHOOL (PUB),1243,Uncontested,Nil,Nil,Nil,বিশ্বজিত মিজাৰ (ভা.জা.ক. - হেণ্ড),সন্দীপ দাস (ভা.জ.পা. - লটাচ),লক্ষ্মণ ৰাজভৰ (নিৰ্দলীয় - কাৰ),নিলিমা দাস (কাপ এণ্ড প্লেট),ৰিংকি দাস (টু লিভছ),সীতা দেৱী (দমকল),Nil,Nil,Nil
115,10,CHATIAL PUBTHORIA,5,KALIABOR,64,UTTER PACHIM PUBTHORIA,3,3 NO HATIBANDHA 1ST PART,47A,HATIBANDHA BAZAR LP SCHOOL,865,Uncontested,Nil,Nil,Nil,বিশ্বজিত মিজাৰ (ভা.জা.ক. - হেণ্ড),সন্দীপ দাস (ভা.জ.পা. - লটাচ),লক্ষ্মণ ৰাজভৰ (নিৰ্দলীয় - কাৰ),নিলিমা দাস (কাপ এণ্ড প্লেট),ৰিংকি দাস (টু লিভছ),সীতা দেৱী (দমকল),Nil,Nil,Nil
116,10,CHATIAL PUBTHORIA,5,KALIABOR,64,UTTER PACHIM PUBTHORIA,4,4 NO DOLAPANI 1ST PART,48,SOLLONG LP SCHOOL (PUB),907,Uncontested,Nil,Nil,Nil,বিশ্বজিত মিজাৰ (ভা.জা.ক. - হেণ্ড),সন্দীপ দাস (ভা.জ.পা. - লটাচ),লক্ষ্মণ ৰাজভৰ (নিৰ্দলীয় - কাৰ),অৰ্পিতা দেৱী (হেণ্ড পাম্প),পুৰ্নিমা দেৱী (টু লিভচ),মম্পী শইকীয়া (এৰোপ্লেন),Nil,Nil,Nil
117,10,CHATIAL PUBTHORIA,5,KALIABOR,64,UTTER PACHIM PUBTHORIA,5,5 NO DOLAPANI 2ND PART,49,SOLLONG LP SCHOOL (PACHIM),716,Uncontested,Nil,Nil,Nil,বিশ্বজিত মিজাৰ (ভা.জা.ক. - হেণ্ড),সন্দীপ দাস (ভা.জ.পা. - লটাচ),লক্ষ্মণ ৰাজভৰ (নিৰ্দলীয় - কাৰ),তুলসী দেৱী (টু লিভচ),বিনীতা নিৰোলা (অটোৰিক্সা),ললিতা দাস (হেণ্ড পাম্প),Nil,Nil,Nil
118,10,CHATIAL PUBTHORIA,5,KALIABOR,64,UTTER PACHIM PUBTHORIA,6,6 NO JAWANI,50,JAWANI LP SCHOOL (PACHIM),648,Uncontested,Nil,Nil,Nil,বিশ্বজিত মিজাৰ (ভা.জা.ক. - হেণ্ড),সন্দীপ দাস (ভা.জ.পা. - লটাচ),লক্ষ্মণ ৰাজভৰ (নিৰ্দলীয় - কাৰ),নম্ৰতা ছেত্ৰী (হেণ্ড পাম্প),শ্বাশ্বতিকা শইকীয়া বৰা (টু লিভছ),Nil,Nil,Nil,Nil
119,10,CHATIAL PUBTHORIA,5,KALIABOR,64,UTTER PACHIM PUBTHORIA,7,7 NO GAKHIRKHAITY,51,JAWANI LP SCHOOL (PUB),1088,Uncontested,Nil,Nil,Nil,বিশ্বজিত মিজাৰ (ভা.জা.ক. - হেণ্ড),সন্দীপ দাস (ভা.জ.পা. - লটাচ),লক্ষ্মণ ৰাজভৰ (নিৰ্দলীয় - কাৰ),Uncontested,Nil,Nil,Nil,Nil,Nil
120,10,CHATIAL PUBTHORIA,5,KALIABOR,64,UTTER PACHIM PUBTHORIA,8,1 NO BHURBANDHA 1ST PART,52,SULLUNG PRIMARY SCHOOL BALIKA (PUB),866,Uncontested,Nil,Nil,Nil,বিশ্বজিত মিজাৰ (ভা.জা.ক. - হেণ্ড),সন্দীপ দাস (ভা.জ.পা. - লটাচ),লক্ষ্মণ ৰাজভৰ (নিৰ্দলীয় - কাৰ),অনিকা ৰানী দাস (অটোৰিক্সা),চুমা চাহানী (টু লিভছ),Nil,Nil,Nil,Nil
121,10,CHATIAL PUBTHORIA,5,KALIABOR,64,UTTER PACHIM PUBTHORIA,9,2 NO BHURBANDHA 2ND PART,53,SULLUNG PRIMARY SCHOOL BALIKA (PACHIM),1091,Uncontested,Nil,Nil,Nil,বিশ্বজিত মিজাৰ (ভা.জা.ক. - হেণ্ড),সন্দীপ দাস (ভা.জ.পা. - লটাচ),লক্ষ্মণ ৰাজভৰ (নিৰ্দলীয় - কাৰ),ভগদত্ত বৰ্মন (টু লিভছ),সঞ্জয় দাস (অটোৰিক্সা),Nil,Nil,Nil,Nil
122,10,CHATIAL PUBTHORIA,5,KALIABOR,64,UTTER PACHIM PUBTHORIA,10,4 NO BORGHULI,54,POKEKHATI L P SCHOOL,876,Uncontested,Nil,Nil,Nil,দিপিকা দাস (ভা.জ.পা. - লটাচ),নিৰ্মলা লাগৰি (ভা.জা.ক. - হেণ্ড),Nil,Uncontested,Nil,Nil,Nil,Nil,Nil
123,11,DWAR BAGORI,5,KALIABOR,65,AMGURI,1,"KANCHANJURI, NAHARUBASTI",1,NAHARU BASTI LP SCHOOL,612,Uncontested,Nil,Nil,Nil,দিপিকা দাস (ভা.জ.পা. - লটাচ),নিৰ্মলা লাগৰি (ভা.জা.ক. - হেণ্ড),Nil,জয়ন্ত ৰাজুৱাৰ (ৱাটচ),বিষ্ণু গৌড় (টু লিভচ),Nil,Nil,Nil,Nil
124,11,DWAR BAGORI,5,KALIABOR,65,AMGURI,2,BURAPAHAR 1 & BURAPAHAR T.E. 1,2,BURAPAHAR ME SCHOOL,606,Uncontested,Nil,Nil,Nil,দিপিকা দাস (ভা.জ.পা. - লটাচ),নিৰ্মলা লাগৰি (ভা.জা.ক. - হেণ্ড),Nil,নিৰঞ্জন তাঁতী (ৱাটচ),পত্ৰেচিয়া মিয়ানজা (টু লিভচ),Nil,Nil,Nil,Nil
125,11,DWAR BAGORI,5,KALIABOR,65,AMGURI,2,BURAPAHAR 1 & BURAPAHAR T.E. 1,3,BURAPAHAR CHAH BAGISA LP SCHOOL (PUB),249,Uncontested,Nil,Nil,Nil,দিপিকা দাস (ভা.জ.পা. - লটাচ),নিৰ্মলা লাগৰি (ভা.জা.ক. - হেণ্ড),Nil,নিৰঞ্জন তাঁতী (ৱাটচ),পত্ৰেচিয়া মিয়ানজা (টু লিভচ),Nil,Nil,Nil,Nil
126,11,DWAR BAGORI,5,KALIABOR,65,AMGURI,3,BURAPAHAR T.E 2,4,BURAPAHAR CHAH BAGISA LP SCHOOL (PACHIM),404,Uncontested,Nil,Nil,Nil,দিপিকা দাস (ভা.জ.পা. - লটাচ),নিৰ্মলা লাগৰি (ভা.জা.ক. - হেণ্ড),Nil,Uncontested,Nil,Nil,Nil,Nil,Nil
127,11,DWAR BAGORI,5,KALIABOR,65,AMGURI,4,DEWSUR CHANG,5,DEWSURCHANG LP SCHOOL,510,Uncontested,Nil,Nil,Nil,দিপিকা দাস (ভা.জ.পা. - লটাচ),নিৰ্মলা লাগৰি (ভা.জা.ক. - হেণ্ড),Nil,অঞ্জলী বসুমতাৰী (ককনাট ফাৰ্ম),সবিতা ইংলেংপি (বাকেট),পূৰ্ণিমা ৰংপিপি (ককনাট ট্ৰি),Nil,Nil,Nil
128,11,DWAR BAGORI,5,KALIABOR,65,AMGURI,5,FULAGURI CHANG,6,PHULAGURI CHANG LP SCHOOL,746,Uncontested,Nil,Nil,Nil,দিপিকা দাস (ভা.জ.পা. - লটাচ),নিৰ্মলা লাগৰি (ভা.জা.ক. - হেণ্ড),Nil,Uncontested,Nil,Nil,Nil,Nil,Nil
129,11,DWAR BAGORI,5,KALIABOR,65,AMGURI,6,"AMGURI SANG, AMGURI GAON",7,AMGURI LP SCHOOL,546,Uncontested,Nil,Nil,Nil,দিপিকা দাস (ভা.জ.পা. - লটাচ),নিৰ্মলা লাগৰি (ভা.জা.ক. - হেণ্ড),Nil,অজয় ইংতি (অটোৰিক্সা),লক্ষিৰাম ৰংফাৰ (হাৰিকেন লেম্প),Nil,Nil,Nil,Nil
130,11,DWAR BAGORI,5,KALIABOR,65,AMGURI,6,"AMGURI SANG, AMGURI GAON",8,RANGALOO LP SCHOOL PURANAGHAR (PUB),260,Uncontested,Nil,Nil,Nil,দিপিকা দাস (ভা.জ.পা. - লটাচ),নিৰ্মলা লাগৰি (ভা.জা.ক. - হেণ্ড),Nil,অজয় ইংতি (অটোৰিক্সা),লক্ষিৰাম ৰংফাৰ (হাৰিকেন লেম্প),Nil,Nil,Nil,Nil
131,11,DWAR BAGORI,5,KALIABOR,65,AMGURI,7,NATUNDANGA,9,RANGALOO LP SCHOOL PURANAGHAR (PACHIM),427,Uncontested,Nil,Nil,Nil,দিপিকা দাস (ভা.জ.পা. - লটাচ),নিৰ্মলা লাগৰি (ভা.জা.ক. - হেণ্ড),Nil,Uncontested,Nil,Nil,Nil,Nil,Nil
132,11,DWAR BAGORI,5,KALIABOR,65,AMGURI,8,"RANGALOO, DWARBAGORI MOUZA",10,RANGALOO LP SCHOOL NATUNGHAR,724,Uncontested,Nil,Nil,Nil,দিপিকা দাস (ভা.জ.পা. - লটাচ),নিৰ্মলা লাগৰি (ভা.জা.ক. - হেণ্ড),Nil,আৰতি ৰাজুৱাৰ (টু লিভচ),আশা চাহু (ব এণ্ড এৰো),ৰূপালী গৌড় গঞ্জু (বট),শিল্পা তাঁতী তন্তবাই (কউলি ফ্লাৱাৰ),Nil,Nil
133,11,DWAR BAGORI,5,KALIABOR,65,AMGURI,9,SECONEE PATHAR 1,11,11 SECONEE PATHAR LP SCHOOL (PUB),734,Uncontested,Nil,Nil,Nil,দিপিকা দাস (ভা.জ.পা. - লটাচ),নিৰ্মলা লাগৰি (ভা.জা.ক. - হেণ্ড),Nil,Uncontested,Nil,Nil,Nil,Nil,Nil
134,11,DWAR BAGORI,5,KALIABOR,65,AMGURI,10,SECONEE PATHAR 2,12,SECONEE PATHAR LP SCHOOL (PACHIM),659,Uncontested,Nil,Nil,Nil,দিপিকা দাস (ভা.জ.পা. - লটাচ),নিৰ্মলা লাগৰি (ভা.জা.ক. - হেণ্ড),Nil,অঞ্জু সতনামী (টু লিভচ),বিজয় পানিকা (কউলিফ্লাৱাৰ),মুকেশ সৎনামী (ককনাট ট্ৰি),Nil,Nil,Nil
135,11,DWAR BAGORI,5,KALIABOR,66,JAKHALABANDHA,1,1 NO RANGLOO,13,LAMBUDAR BARUA BAGHJAN LP SCHOOL,1036,Uncontested,Nil,Nil,Nil,Uncontested,Nil,Nil,Uncontested,Nil,Nil,Nil,Nil,Nil
136,11,DWAR BAGORI,5,KALIABOR,66,JAKHALABANDHA,2,2 NO GARUBANDHA (1ST PART),14,BANKATESWAR LP SCHOOL,633,Uncontested,Nil,Nil,Nil,Uncontested,Nil,Nil,কবিতা দে ৰয় (টু লিভচ),সাৰদা নেৱাৰ (এৰোপ্লেন),সুনিতা চৌহান (কাৰ),Nil,Nil,Nil
137,11,DWAR BAGORI,5,KALIABOR,66,JAKHALABANDHA,3,GARUBANDHA ( PART-2),15,BANKATESWAR LP SCHOOL (KA),662,Uncontested,Nil,Nil,Nil,Uncontested,Nil,Nil,নিভা বৰুৱা (হেন্ডপাম্প),ৰিংকি চৌহান (এৰোপ্লেন),ৰীনা মাহাতু (টু লিভচ),ৰেণুকা চৌহান (অটোৰিক্সা),Nil,Nil
138,11,DWAR BAGORI,5,KALIABOR,66,JAKHALABANDHA,4,GARUBANDHA PART-3,16,GARUBANDHA LP SCHOOL (KA),974,Uncontested,Nil,Nil,Nil,Uncontested,Nil,Nil,আমিৰ হুছেইন শ্বেখ (অটোৰিক্সা),আৰিফুৰ ৰহমান (টু লিভচ),ৰঞ্জু মল্লিক (কাৰ),Nil,Nil,Nil
139,11,DWAR BAGORI,5,KALIABOR,66,JAKHALABANDHA,5,GARUBANDHA --PART-4,17,GARUBANDHA LP SCHOOL,1094,Uncontested,Nil,Nil,Nil,Uncontested,Nil,Nil,চেহনাজ আহমেদ (বট),ফাৰহানা বেগম (এৰোপ্লেন),সুনিতা চৌহান (অটোৰিক্সা),হাচিনা বেগম (টু লিভচ),হালেমা খাতুন (নাগৰিক),Nil
140,11,DWAR BAGORI,5,KALIABOR,66,JAKHALABANDHA,6,6 JAKHALABANDHA GAON/TOWN,18,JAKHALABANDHA LP SCHOOL (PUB),1237,Uncontested,Nil,Nil,Nil,Uncontested,Nil,Nil,নন্দু ৰবিদাস (টু লিভচ),বিজয় কুমাৰ চৌহান (কাৰ),বেবী সৰকাৰ (হেণ্ডপাম্প),সৌৰভ বৰঠাকুৰ (ককনাট ট্ৰি),Nil,Nil
141,11,DWAR BAGORI,5,KALIABOR,66,JAKHALABANDHA,7,7 NO SORUBHAGIA (1ST PART),19,JAKHALABANDHA HIGH SCHOOL (PUB),777,Uncontested,Nil,Nil,Nil,Uncontested,Nil,Nil,Uncontested,Nil,Nil,Nil,Nil,Nil
143,11,DWAR BAGORI,5,KALIABOR,66,JAKHALABANDHA,8,8 NO SARUBHAGIA (2 ND PART),20,JAKHALABANDHA HIGH SCHOOL (PACHIM),848,Uncontested,Nil,Nil,Nil,Uncontested,Nil,Nil,Uncontested,Nil,Nil,Nil,Nil,Nil
142,11,DWAR BAGORI,5,KALIABOR,66,JAKHALABANDHA,9,9 NO SARUBHAGIA (3RD PART),21,JAKHALABANDHA HIGH SCHOOL (MADHYA),597,Uncontested,Nil,Nil,Nil,Uncontested,Nil,Nil,বিশ্বেশ্বৰ ভাগৱতী (ককনাট ট্ৰি),ৰূপজ্যোতি দাস (কাৰ),Nil,Nil,Nil,Nil
144,11,DWAR BAGORI,5,KALIABOR,66,JAKHALABANDHA,10,10 NO KERIBAKORI,22,JAKHALABANDHA LP SCHOOL (PACHIM),893,Uncontested,Nil,Nil,Nil,Uncontested,Nil,Nil,তৃষাৰাণী শইকীয়া (ৰাইজিং চান),পৰী শইকীয়া (কাপপ্লেট),পুষ্পাঞ্জলি ভূঞা (অটোৰিক্সা),মনিতা ৰায় (ককনাট ট্ৰি),সন্তোষী কুণ্ডু (কাৰ),Nil
145,11,DWAR BAGORI,5,KALIABOR,67,KUTHURI,1,BAGORI & BAGORI NC,23,BAGURI LP SCHOOL,1023,Uncontested,Nil,Nil,Nil,Uncontested,Nil,Nil,চুমন ঠাকুৰ (ক'কনাট ট্ৰি),প্ৰতিমা নায়ক (টু লিভচ),Nil,Nil,Nil,Nil
146,11,DWAR BAGORI,5,KALIABOR,67,KUTHURI,2,2 NO. HARMOTI,24,HARMOTI LP SCHOOL,802,Uncontested,Nil,Nil,Nil,Uncontested,Nil,Nil,আনাৰ হুছেইন (কাৰ),বিপুল ওৰাং (কাপ এণ্ড প্লেট),ৰায়হান আলী (টু লিভচ),Nil,Nil,Nil
147,11,DWAR BAGORI,5,KALIABOR,67,KUTHURI,2,2 NO. HARMOTI,25,HARMOTI LP SCHOOL (KA),603,Uncontested,Nil,Nil,Nil,Uncontested,Nil,Nil,আনাৰ হুছেইন (কাৰ),বিপুল ওৰাং (কাপ এণ্ড প্লেট),ৰায়হান আলী (টু লিভচ),Nil,Nil,Nil
148,11,DWAR BAGORI,5,KALIABOR,67,KUTHURI,3,NAJAN-1,26,NAJAN LP SCHOOL,849,Uncontested,Nil,Nil,Nil,Uncontested,Nil,Nil,চাজমি খাতুন (টু লিভচ),জামেনা খাতুন (কাৰ),মীৰা বৰা (জেক ফ্ৰুইট),Nil,Nil,Nil
149,11,DWAR BAGORI,5,KALIABOR,67,KUTHURI,4,NAJAN-2,27,KUTHARI HIGH SCHOOL (PACHIM),767,Uncontested,Nil,Nil,Nil,Uncontested,Nil,Nil,আঞ্জুমা চুলতানা (টু লিভচ),তাজলিমা খাতুন (কাপ এণ্ড প্লেট),তানজিলা খাতুন (কাৰ),Nil,Nil,Nil
150,11,DWAR BAGORI,5,KALIABOR,67,KUTHURI,5,RAMSING GAON-1 & 2,28,KUTHARI HIGH SCHOOL (PUB),783,Uncontested,Nil,Nil,Nil,Uncontested,Nil,Nil,অঞ্জু কোঁৱৰ (টু লিভচ),ঘন কুমাৰী ছেত্ৰী (কাৰ),জিতু চাওতাল (কাপ এণ্ড প্লেট),Nil,Nil,Nil
151,11,DWAR BAGORI,5,KALIABOR,67,KUTHURI,6,KUTHARI (PUB),29,29 A NO KUTHURI HIGHER SECONDARY SCHOOL (EAST),612,Uncontested,Nil,Nil,Nil,Uncontested,Nil,Nil,অমন কুমাৰ ৰায় (কাৰ),দীপক ঘাটোৱাল (টু লিভচ),Nil,Nil,Nil,Nil
152,11,DWAR BAGORI,5,KALIABOR,67,KUTHURI,7,KUTHARI (PACHIM),30,KUTHARI HIGH SCHOOL (MADHYA),794,Uncontested,Nil,Nil,Nil,Uncontested,Nil,Nil,টংকেশ্বৰ বৰা (টু লিভচ),শ্ৰীমন্ত বৰা (কাৰ),Nil,Nil,Nil,Nil
153,11,DWAR BAGORI,5,KALIABOR,67,KUTHURI,8,KUTHARI T.E KACHOJURI,31,JAGADOMBA CHAH BAGISA LP SCHOOL,639,Uncontested,Nil,Nil,Nil,Uncontested,Nil,Nil,চুমী গড় ঘাটোৱাল (টু লিভচ),প্ৰভাতী তাঁতী (কাৰ),Nil,Nil,Nil,Nil
154,11,DWAR BAGORI,5,KALIABOR,67,KUTHURI,9,BAGHMARI (PUB),32,BAGHMARI LP SCHOOL (PUB),1011,Uncontested,Nil,Nil,Nil,Uncontested,Nil,Nil,গুন দাস (কাৰ),মিনতি বৰা (টু লিভচ),Nil,Nil,Nil,Nil
155,11,DWAR BAGORI,5,KALIABOR,67,KUTHURI,10,BAGHMARI DEUPANI,33,BAGHMARI LP SCHOOL (PACHIM),840,Uncontested,Nil,Nil,Nil,Uncontested,Nil,Nil,ইন্দিৰা ইংতিপী (টু লিভচ),মেৰিনা ৰংফাৰপী (কাৰ),Nil,Nil,Nil,Nil
156,11,DWAR BAGORI,5,KALIABOR,68,SECONEE BORHOLA,1,BORHOLA PART 1,34,34 NO RANGALO MIKIRGAON L. P SCHOOL,485,Uncontested,Nil,Nil,Nil,জোনালী হাঞ্চেপী (অ.গ.প. - এলিফেন্ট),স্বভাৱতী বৈষ্ণৱ (ভা.জা.ক. - হেণ্ড),Nil,কমল ক্ৰামছা (টু লিভচ),বিনোদ ক্ৰামছা (কাৰ),Nil,Nil,Nil,Nil
157,11,DWAR BAGORI,5,KALIABOR,68,SECONEE BORHOLA,2,BARHOLA ( PART 2),35,SECONEE BORHOLA ME SCHOOL,1204,Uncontested,Nil,Nil,Nil,জোনালী হাঞ্চেপী (অ.গ.প. - এলিফেন্ট),স্বভাৱতী বৈষ্ণৱ (ভা.জা.ক. - হেণ্ড),Nil,অনিছা বেগম (কলিফ্লাৱাৰ),অংকিতা চাহু (ৰাইজিং চান),কৰিম শ্বেখ (এৰোপ্লেন),পিংকি তছা (নাগৰিক),ফাৰুক হুছেইন (কাৰ),Nil
158,11,DWAR BAGORI,5,KALIABOR,68,SECONEE BORHOLA,2,BARHOLA ( PART 2),36,SECONEE BORHOLA ME SCHOOL (KA),777,Uncontested,Nil,Nil,Nil,জোনালী হাঞ্চেপী (অ.গ.প. - এলিফেন্ট),স্বভাৱতী বৈষ্ণৱ (ভা.জা.ক. - হেণ্ড),Nil,অনিছা বেগম (কলিফ্লাৱাৰ),অংকিতা চাহু (ৰাইজিং চান),কৰিম শ্বেখ (এৰোপ্লেন),পিংকি তছা (নাগৰিক),ফাৰুক হুছেইন (কাৰ),Nil
159,11,DWAR BAGORI,5,KALIABOR,68,SECONEE BORHOLA,2,BARHOLA ( PART 2),36 (KHA),SECONEE BARHOLA ME SCHOOL (KHA),720,Uncontested,Nil,Nil,Nil,জোনালী হাঞ্চেপী (অ.গ.প. - এলিফেন্ট),স্বভাৱতী বৈষ্ণৱ (ভা.জা.ক. - হেণ্ড),Nil,অনিছা বেগম (কলিফ্লাৱাৰ),অংকিতা চাহু (ৰাইজিং চান),কৰিম শ্বেখ (এৰোপ্লেন),পিংকি তছা (নাগৰিক),ফাৰুক হুছেইন (কাৰ),Nil
160,11,DWAR BAGORI,5,KALIABOR,68,SECONEE BORHOLA,3,SECONEE T.E 1 & 2,37,SECONEE BAGAN LP SCHOOL (PUB),607,Uncontested,Nil,Nil,Nil,জোনালী হাঞ্চেপী (অ.গ.প. - এলিফেন্ট),স্বভাৱতী বৈষ্ণৱ (ভা.জা.ক. - হেণ্ড),Nil,Uncontested,Nil,Nil,Nil,Nil,Nil
161,11,DWAR BAGORI,5,KALIABOR,68,SECONEE BORHOLA,4,JAWKATA GAON,38,38 SECONEE BAGAN LP SCHOOL (NORTH),381,Uncontested,Nil,Nil,Nil,জোনালী হাঞ্চেপী (অ.গ.প. - এলিফেন্ট),স্বভাৱতী বৈষ্ণৱ (ভা.জা.ক. - হেণ্ড),Nil,হেমন্ত কালিন্দী (টু লিভচ),ৰবি তাঁতী (নাগৰিক),Nil,Nil,Nil,Nil
162,11,DWAR BAGORI,5,KALIABOR,68,SECONEE BORHOLA,5,SECONEE T.E 4 & 5,39,SECONEE BAGAN LP SCHOOL (PACHIM),809,Uncontested,Nil,Nil,Nil,জোনালী হাঞ্চেপী (অ.গ.প. - এলিফেন্ট),স্বভাৱতী বৈষ্ণৱ (ভা.জা.ক. - হেণ্ড),Nil,মৌচুমী দাস (টু লিভচ),ৰুবি কালিন্দী (কলিফ্লাৱাৰ),Nil,Nil,Nil,Nil
163,11,DWAR BAGORI,5,KALIABOR,68,SECONEE BORHOLA,6,JAWKATA PATHAR,40,JAWKATA LP SCHOOL (PUB),876,Uncontested,Nil,Nil,Nil,জোনালী হাঞ্চেপী (অ.গ.প. - এলিফেন্ট),স্বভাৱতী বৈষ্ণৱ (ভা.জা.ক. - হেণ্ড),Nil,বিপুল বে (টু লিভচ),নমিতা চাহু (কলিফ্লাৱাৰ),Nil,Nil,Nil,Nil
164,11,DWAR BAGORI,5,KALIABOR,68,SECONEE BORHOLA,6,JAWKATA PATHAR,41,JAWKATA LP SCHOOL (PACHIM),152,Uncontested,Nil,Nil,Nil,জোনালী হাঞ্চেপী (অ.গ.প. - এলিফেন্ট),স্বভাৱতী বৈষ্ণৱ (ভা.জা.ক. - হেণ্ড),Nil,বিপুল বে (টু লিভচ),নমিতা চাহু (কলিফ্লাৱাৰ),Nil,Nil,Nil,Nil
165,11,DWAR BAGORI,5,KALIABOR,68,SECONEE BORHOLA,7,NIJORI PART-1,42,NIZORI GAON PRATHAMIK VIDYALAYA,690,Uncontested,Nil,Nil,Nil,জোনালী হাঞ্চেপী (অ.গ.প. - এলিফেন্ট),স্বভাৱতী বৈষ্ণৱ (ভা.জা.ক. - হেণ্ড),Nil,কিচানতুছ এক্কা (কাৰ),বিশ্বজিত ইংতি (টু লিভচ),Nil,Nil,Nil,Nil
166,11,DWAR BAGORI,5,KALIABOR,68,SECONEE BORHOLA,8,NIJORI PART-2,43,43A NIZORI GAON PRATHAMIK VIDYALAYA,681,Uncontested,Nil,Nil,Nil,জোনালী হাঞ্চেপী (অ.গ.প. - এলিফেন্ট),স্বভাৱতী বৈষ্ণৱ (ভা.জা.ক. - হেণ্ড),Nil,Uncontested,Nil,Nil,Nil,Nil,Nil
167,11,DWAR BAGORI,5,KALIABOR,68,SECONEE BORHOLA,9,BAMUNIGAON PART -1,44,BAMUNI GAON HIGH SCHOOL (PUB),1102,Uncontested,Nil,Nil,Nil,জোনালী হাঞ্চেপী (অ.গ.প. - এলিফেন্ট),স্বভাৱতী বৈষ্ণৱ (ভা.জা.ক. - হেণ্ড),Nil,Uncontested,Nil,Nil,Nil,Nil,Nil
168,11,DWAR BAGORI,5,KALIABOR,68,SECONEE BORHOLA,10,BAMUNIGAON PART-2,45,BAMUNI GAON HIGH SCHOOL (PACHIM),1124,Uncontested,Nil,Nil,Nil,জোনালী হাঞ্চেপী (অ.গ.প. - এলিফেন্ট),স্বভাৱতী বৈষ্ণৱ (ভা.জা.ক. - হেণ্ড),Nil,ভনিট কিলিংপী (টু লিভচ),মনোৱাৰা খাতুন (এৰোপ্লেন),Nil,Nil,Nil,Nil
169,11,DWAR BAGORI,5,KALIABOR,69,UTTAR PUBTHARIA GP,1,SONARI GAON,46,SONARI KAMAKHYA MV SCHOOLL (MADHYA),551,Uncontested,Nil,Nil,Nil,Uncontested,Nil,Nil,চুইতি গুপ্তা (এৰোপ্লেন),মঞ্জু ফুকন বৰুৱা (টু লিভচ),Nil,Nil,Nil,Nil
170,11,DWAR BAGORI,5,KALIABOR,69,UTTAR PUBTHARIA GP,2,SONARI TE,47,SONARI KAMAKHYA MV SCHOOL (PUB),632,Uncontested,Nil,Nil,Nil,Uncontested,Nil,Nil,অঞ্জলী ৰয় (টু লিভচ),কৈল্যানী দেৱী বৰদলৈ (ককনাট ট্ৰি),Nil,Nil,Nil,Nil
171,11,DWAR BAGORI,5,KALIABOR,69,UTTAR PUBTHARIA GP,3,KAMAKHYA 1,48,NAM KAMAKHYA LP SCHOOL (PUB),745,Uncontested,Nil,Nil,Nil,Uncontested,Nil,Nil,তুলু ওৰাং (কলি ফ্লাৱাৰ),মনিমা হাজৰিকা (টু লিভচ),Nil,Nil,Nil,Nil
172,11,DWAR BAGORI,5,KALIABOR,69,UTTAR PUBTHARIA GP,4,"KAMAKHYA 2, KAMAKHYA NC, SILIKHAGURI,JOYSAGAR 1",49,SONARI KAMAKHYA MV SCHOOL(PACHIM),601,Uncontested,Nil,Nil,Nil,Uncontested,Nil,Nil,অনিমা হাজৰিকা (টু লিভচ),নৱনীতা বৰা (অটো ৰিক্সা),Nil,Nil,Nil,Nil
173,11,DWAR BAGORI,5,KALIABOR,69,UTTAR PUBTHARIA GP,5,"JOYSAGAR 2, SILGHAT GAON",50,SILGHAT ME SCHOOL (PUB),948,Uncontested,Nil,Nil,Nil,Uncontested,Nil,Nil,গীতা মনি ডেকা গগৈ (টু লিভছ),দীপা গগৈ (অটো ৰিক্সা),Nil,Nil,Nil,Nil
174,11,DWAR BAGORI,5,KALIABOR,69,UTTAR PUBTHARIA GP,6,SILGHAT TOWN,51,SILGHAT LP SCHOOL,1073,Uncontested,Nil,Nil,Nil,Uncontested,Nil,Nil,Uncontested,Nil,Nil,Nil,Nil,Nil
175,11,DWAR BAGORI,5,KALIABOR,69,UTTAR PUBTHARIA GP,7,"BAPUDOLONI FV, RABARBARI 1, RABARBARI 2",52,RABARBARI LP SCHOOL,436,Uncontested,Nil,Nil,Nil,Uncontested,Nil,Nil,Uncontested,Nil,Nil,Nil,Nil,Nil
176,11,DWAR BAGORI,5,KALIABOR,69,UTTAR PUBTHARIA GP,8,KALIABOR TE 1,53,KALIABOR BAGAN LP SCHOOL (PACHIM),460,Uncontested,Nil,Nil,Nil,Uncontested,Nil,Nil,পূৰ্ণিমা গোৱালা ঠাকুৰ (ৰাইজিং চান),সঞ্জু গোসাই (টু লিভছ),Nil,Nil,Nil,Nil
177,11,DWAR BAGORI,5,KALIABOR,69,UTTAR PUBTHARIA GP,9,"KALIABOR TE 2, KALIABOR TE 3",54,KALIABOR TE SCHOOL ( MIDDLE),499,Uncontested,Nil,Nil,Nil,Uncontested,Nil,Nil,Uncontested,Nil,Nil,Nil,Nil,Nil
178,11,DWAR BAGORI,5,KALIABOR,69,UTTAR PUBTHARIA GP,10,"BIHDUBI 1, 2 & 3",55,SAMDHORA LP SCHOOL (PACHIM),771,Uncontested,Nil,Nil,Nil,Uncontested,Nil,Nil,অঙ্কিতা চাহানী (টু লিভচ),অযোধয়া শইকীয়া (অটো ৰিক্সা),Nil,Nil,Nil,Nil
179,12,DWAR SALNA,6,PACHIM KALIABOR,70,AMLOKHI,1,AMONI,1,AMONI BASTI L.P.SCHOOL,962,অনিল ঠাকুৰ (অ.গ.প. - এলিফেন্ট),মাৰিয়া গৰেতি হৰ লাকড়া (ভা.জা.ক. - হেণ্ড),কবিতা নাগ (নিৰ্দলীয় - পেন নিব উইথ চেভেন ৰেইজ),ৰিংকু পৰিড়া (নিৰ্দলীয় - ব’ এণ্ড এৰ’),Uncontested,Nil,Nil,বিমল দেবনাথ (কাৰ),মানিক দেবনাথ (কাপ এণ্ড প্লেট),শ্য়ামল চন্দ্ৰ নাথ (টু লিভচ),সুনিল পাত্ৰ (ইংক পট এণ্ড পেইন),Nil,Nil
180,12,DWAR SALNA,6,PACHIM KALIABOR,70,AMLOKHI,2,SIYALKHATI,2,SIALEKHAITY L.P.SCHOOL (A),733,অনিল ঠাকুৰ (অ.গ.প. - এলিফেন্ট),মাৰিয়া গৰেতি হৰ লাকড়া (ভা.জা.ক. - হেণ্ড),কবিতা নাগ (নিৰ্দলীয় - পেন নিব উইথ চেভেন ৰেইজ),ৰিংকু পৰিড়া (নিৰ্দলীয় - ব’ এণ্ড এৰ’),Uncontested,Nil,Nil,জোছমিনা খাতুন (ৰাইজিং চান),ৰাইহানা খাতুন (টু লিভচ),Nil,Nil,Nil,Nil
181,12,DWAR SALNA,6,PACHIM KALIABOR,70,AMLOKHI,2,SIYALKHATI,3,SIALEKHAITY L.P.SCHOOL (B),1089,অনিল ঠাকুৰ (অ.গ.প. - এলিফেন্ট),মাৰিয়া গৰেতি হৰ লাকড়া (ভা.জা.ক. - হেণ্ড),কবিতা নাগ (নিৰ্দলীয় - পেন নিব উইথ চেভেন ৰেইজ),ৰিংকু পৰিড়া (নিৰ্দলীয় - ব’ এণ্ড এৰ’),Uncontested,Nil,Nil,জোছমিনা খাতুন (ৰাইজিং চান),ৰাইহানা খাতুন (টু লিভচ),Nil,Nil,Nil,Nil
182,12,DWAR SALNA,6,PACHIM KALIABOR,70,AMLOKHI,3,AMLAKHI TE 1,4,GARALI L.P.SCHOOL,393,অনিল ঠাকুৰ (অ.গ.প. - এলিফেন্ট),মাৰিয়া গৰেতি হৰ লাকড়া (ভা.জা.ক. - হেণ্ড),কবিতা নাগ (নিৰ্দলীয় - পেন নিব উইথ চেভেন ৰেইজ),ৰিংকু পৰিড়া (নিৰ্দলীয় - ব’ এণ্ড এৰ’),Uncontested,Nil,Nil,মনিকা পাটচানী (কাপ এণ্ড প্লেট),মমতা পৰিডা (টু লিভচ),ৰিতু বিচুৱাল (কক’নাট ট্ৰী),সুুজতা কালিন্দী (ৰাইজিং চান),Nil,Nil
183,12,DWAR SALNA,6,PACHIM KALIABOR,70,AMLOKHI,3,AMLAKHI TE 1,5,BIRBAL KANDALI L.P.SCHOOL (PUB),808,অনিল ঠাকুৰ (অ.গ.প. - এলিফেন্ট),মাৰিয়া গৰেতি হৰ লাকড়া (ভা.জা.ক. - হেণ্ড),কবিতা নাগ (নিৰ্দলীয় - পেন নিব উইথ চেভেন ৰেইজ),ৰিংকু পৰিড়া (নিৰ্দলীয় - ব’ এণ্ড এৰ’),Uncontested,Nil,Nil,মনিকা পাটচানী (কাপ এণ্ড প্লেট),মমতা পৰিডা (টু লিভচ),ৰিতু বিচুৱাল (কক’নাট ট্ৰী),সুুজতা কালিন্দী (ৰাইজিং চান),Nil,Nil
184,12,DWAR SALNA,6,PACHIM KALIABOR,70,AMLOKHI,4,AMLAKHI TE PART 1,6,BIRBAL KANDHAILI LP SCHOOL (WEST),483,অনিল ঠাকুৰ (অ.গ.প. - এলিফেন্ট),মাৰিয়া গৰেতি হৰ লাকড়া (ভা.জা.ক. - হেণ্ড),কবিতা নাগ (নিৰ্দলীয় - পেন নিব উইথ চেভেন ৰেইজ),ৰিংকু পৰিড়া (নিৰ্দলীয় - ব’ এণ্ড এৰ’),Uncontested,Nil,Nil,অঞ্জু  লহকৰ মুদলী (ৰাইজিং চান),আৰতী তাঁতি (টু লিভচ),Nil,Nil,Nil,Nil
185,12,DWAR SALNA,6,PACHIM KALIABOR,70,AMLOKHI,5,AMLAKHI TE PART 2,7,BIRBAL KANDALIK L.P.SCHOOL (PACHIM),525,অনিল ঠাকুৰ (অ.গ.প. - এলিফেন্ট),মাৰিয়া গৰেতি হৰ লাকড়া (ভা.জা.ক. - হেণ্ড),কবিতা নাগ (নিৰ্দলীয় - পেন নিব উইথ চেভেন ৰেইজ),ৰিংকু পৰিড়া (নিৰ্দলীয় - ব’ এণ্ড এৰ’),Uncontested,Nil,Nil,আগছত্বছ লকড়া (টু লিভচ),সুদৰ্শন মুণ্ডা (কেমেৰা),Nil,Nil,Nil,Nil
186,12,DWAR SALNA,6,PACHIM KALIABOR,70,AMLOKHI,6,AMLAKHI TE 3,8,AMLAKHI BAGISHA L.P.SCHOOL (PUB),933,অনিল ঠাকুৰ (অ.গ.প. - এলিফেন্ট),মাৰিয়া গৰেতি হৰ লাকড়া (ভা.জা.ক. - হেণ্ড),কবিতা নাগ (নিৰ্দলীয় - পেন নিব উইথ চেভেন ৰেইজ),ৰিংকু পৰিড়া (নিৰ্দলীয় - ব’ এণ্ড এৰ’),Uncontested,Nil,Nil,কদমী খণ্ডাইক তচা (কাপ এণ্ড প্লেট) ,বিনিতা কেৰকেটা (টু লিভচ),সীমা ওৰাং (কাৰ),Nil,Nil,Nil
187,12,DWAR SALNA,6,PACHIM KALIABOR,70,AMLOKHI,7,AMLAKHI TE 3,9,AMLAKHI BAGISHA L.P.SCHOOL (PACHIM),324,অনিল ঠাকুৰ (অ.গ.প. - এলিফেন্ট),মাৰিয়া গৰেতি হৰ লাকড়া (ভা.জা.ক. - হেণ্ড),কবিতা নাগ (নিৰ্দলীয় - পেন নিব উইথ চেভেন ৰেইজ),ৰিংকু পৰিড়া (নিৰ্দলীয় - ব’ এণ্ড এৰ’),Uncontested,Nil,Nil,অৰ্চনা ৰাভা (কাপ এণ্ড প্লেট),সস্মিতা দে (টু লিভচ),Nil,Nil,Nil,Nil
188,12,DWAR SALNA,6,PACHIM KALIABOR,70,AMLOKHI,8,AMLAKHI TE PART 1,10,AMLAKHI M.E.SCHOOL,1222,অনিল ঠাকুৰ (অ.গ.প. - এলিফেন্ট),মাৰিয়া গৰেতি হৰ লাকড়া (ভা.জা.ক. - হেণ্ড),কবিতা নাগ (নিৰ্দলীয় - পেন নিব উইথ চেভেন ৰেইজ),ৰিংকু পৰিড়া (নিৰ্দলীয় - ব’ এণ্ড এৰ’),Uncontested,Nil,Nil,আৰতী সিং (ৰাইজিং চান),কমলা কান্ত মুৰা (টু লিভচ),ধৰ্মাদাস তিৰ্কী (স্পেড),পুজা দেৱনাথ (অট’ৰিক্সা),বিজয় প্ৰধান (কাপ এণ্ড প্লেট),হেমন্ত গোঁড় (ব’ এণ্ড এৰ’)
189,12,DWAR SALNA,6,PACHIM KALIABOR,70,AMLOKHI,9,MISSA PART 1,11,MISSA L.P.SCHOOL (EAST),835,অনিল ঠাকুৰ (অ.গ.প. - এলিফেন্ট),মাৰিয়া গৰেতি হৰ লাকড়া (ভা.জা.ক. - হেণ্ড),কবিতা নাগ (নিৰ্দলীয় - পেন নিব উইথ চেভেন ৰেইজ),ৰিংকু পৰিড়া (নিৰ্দলীয় - ব’ এণ্ড এৰ’),Uncontested,Nil,Nil,পিংকী বাৰিক ঘাটোৱাৰ (ৰাইজিং চান),মাৰ্কুচ কাশ্যপ (টু লিভচ),সঞ্জীৱ দাস (বাকেট),সুমিত্ৰা দাস (কক’নাট ট্ৰি),Nil,Nil
190,12,DWAR SALNA,6,PACHIM KALIABOR,70,AMLOKHI,9,MISSA PART 1,12,MISSA L.P.SCHOOL (WEST),727,অনিল ঠাকুৰ (অ.গ.প. - এলিফেন্ট),মাৰিয়া গৰেতি হৰ লাকড়া (ভা.জা.ক. - হেণ্ড),কবিতা নাগ (নিৰ্দলীয় - পেন নিব উইথ চেভেন ৰেইজ),ৰিংকু পৰিড়া (নিৰ্দলীয় - ব’ এণ্ড এৰ’),Uncontested,Nil,Nil,পিংকী বাৰিক ঘাটোৱাৰ (ৰাইজিং চান),মাৰ্কুচ কাশ্যপ (টু লিভচ),সঞ্জীৱ দাস (বাকেট),সুমিত্ৰা দাস (কক’নাট ট্ৰি),Nil,Nil
191,12,DWAR SALNA,6,PACHIM KALIABOR,70,AMLOKHI,10,MISSA PART 2,13,DIJU BASTI L.P.SCHOOL,1038,অনিল ঠাকুৰ (অ.গ.প. - এলিফেন্ট),মাৰিয়া গৰেতি হৰ লাকড়া (ভা.জা.ক. - হেণ্ড),কবিতা নাগ (নিৰ্দলীয় - পেন নিব উইথ চেভেন ৰেইজ),ৰিংকু পৰিড়া (নিৰ্দলীয় - ব’ এণ্ড এৰ’),Uncontested,Nil,Nil,কোষেস্বৰী বৰাইক (টু লিভচ),বিনু বিশ্বকৰ্মা (ৰাইজিং চান),মমতা কুমাৰী গুপ্তা (অট’ৰিক্সা),সন্ধ্যা ৰাজপুত বৰাইক (কলিফ্লাৱাৰ),ক্ষেমা দেৱী (কাপ এণ্ড প্লেট),Nil
192,12,DWAR SALNA,6,PACHIM KALIABOR,70,AMLOKHI,10,MISSA PART 2,14,AMALAKHI M.E.SCHOOL,412,অনিল ঠাকুৰ (অ.গ.প. - এলিফেন্ট),মাৰিয়া গৰেতি হৰ লাকড়া (ভা.জা.ক. - হেণ্ড),কবিতা নাগ (নিৰ্দলীয় - পেন নিব উইথ চেভেন ৰেইজ),ৰিংকু পৰিড়া (নিৰ্দলীয় - ব’ এণ্ড এৰ’),Uncontested,Nil,Nil,কোষেস্বৰী বৰাইক (টু লিভচ),বিনু বিশ্বকৰ্মা (ৰাইজিং চান),মমতা কুমাৰী গুপ্তা (অট’ৰিক্সা),সন্ধ্যা ৰাজপুত বৰাইক (কলিফ্লাৱাৰ),ক্ষেমা দেৱী (কাপ এণ্ড প্লেট),Nil
193,12,DWAR SALNA,6,PACHIM KALIABOR,71,ANJUKPANI,1,"SORIAHBARI 1, SORIAHBARI 2",15,SARIYAHBARI PRATHAMIK VIDYALAYA,1050,অনিল ঠাকুৰ (অ.গ.প. - এলিফেন্ট),মাৰিয়া গৰেতি হৰ লাকড়া (ভা.জা.ক. - হেণ্ড),কবিতা নাগ (নিৰ্দলীয় - পেন নিব উইথ চেভেন ৰেইজ),ৰিংকু পৰিড়া (নিৰ্দলীয় - ব’ এণ্ড এৰ’),Uncontested,Nil,Nil,চম্পা নাগ (স্পেদ),ঝৰ্ণা চৰকাৰ দাস (ৰাইজিং চান),দিপামনি দাস (টু লিভচ),Nil,Nil,Nil
194,12,DWAR SALNA,6,PACHIM KALIABOR,71,ANJUKPANI,2,NAPANI 1,16,SONAJURI LP SCHOOL,1062,অনিল ঠাকুৰ (অ.গ.প. - এলিফেন্ট),মাৰিয়া গৰেতি হৰ লাকড়া (ভা.জা.ক. - হেণ্ড),কবিতা নাগ (নিৰ্দলীয় - পেন নিব উইথ চেভেন ৰেইজ),ৰিংকু পৰিড়া (নিৰ্দলীয় - ব’ এণ্ড এৰ’),Uncontested,Nil,Nil,অনিতা টপ্প (ইনক পট এণ্ড পেন),অৰুন জ্যোতি শীল (ককনাট ট্ৰী),বিকি দে (টু লিভচ),Nil,Nil,Nil
195,12,DWAR SALNA,6,PACHIM KALIABOR,71,ANJUKPANI,3,NAPANI 2,17,SONAJURI LP SCHOOL (KHA),904,অনিল ঠাকুৰ (অ.গ.প. - এলিফেন্ট),মাৰিয়া গৰেতি হৰ লাকড়া (ভা.জা.ক. - হেণ্ড),কবিতা নাগ (নিৰ্দলীয় - পেন নিব উইথ চেভেন ৰেইজ),ৰিংকু পৰিড়া (নিৰ্দলীয় - ব’ এণ্ড এৰ’),Uncontested,Nil,Nil,আহাদুৰ ৰহমান (টু লিভচ),মাইকেল এক্কা ( ইনক পট এণ্ড পেন),মুবাৰক হুছেইন ( ককনাট ট্ৰি),Nil,Nil,Nil
196,12,DWAR SALNA,6,PACHIM KALIABOR,71,ANJUKPANI,4,"LANGTANG GAON, REKA PAHAR",18,REKA PAHAR PRATHAMIK VIDYALAYA,1338,অনিল ঠাকুৰ (অ.গ.প. - এলিফেন্ট),মাৰিয়া গৰেতি হৰ লাকড়া (ভা.জা.ক. - হেণ্ড),কবিতা নাগ (নিৰ্দলীয় - পেন নিব উইথ চেভেন ৰেইজ),ৰিংকু পৰিড়া (নিৰ্দলীয় - ব’ এণ্ড এৰ’),Uncontested,Nil,Nil,ছিৰজাতুৰ মুন্তাহা (টু লিভচ),পুষ্পাঞ্জলী দিগাল (ককনাট ট্ৰি),Nil,Nil,Nil,Nil
197,12,DWAR SALNA,6,PACHIM KALIABOR,71,ANJUKPANI,5,"SONAJURI 1, SONAJURI 2",19,SONAJURI LP SCHOOL (KA),1005,অনিল ঠাকুৰ (অ.গ.প. - এলিফেন্ট),মাৰিয়া গৰেতি হৰ লাকড়া (ভা.জা.ক. - হেণ্ড),কবিতা নাগ (নিৰ্দলীয় - পেন নিব উইথ চেভেন ৰেইজ),ৰিংকু পৰিড়া (নিৰ্দলীয় - ব’ এণ্ড এৰ’),Uncontested,Nil,Nil,সিমলা সুত্ৰধৰ (টু লিভচ),বিজয় পাল (কলিফ্লাৱাৰ),সঞ্জীৱ সুত্ৰধাৰ (ককনাট ট্ৰি),Nil,Nil,Nil
198,12,DWAR SALNA,6,PACHIM KALIABOR,71,ANJUKPANI,6,"LANGKHANG 1, LANGKHANG 2",20,GYAN JYOTI PRIMARY SCHOOL LANGKHANG,1031,অনিল ঠাকুৰ (অ.গ.প. - এলিফেন্ট),মাৰিয়া গৰেতি হৰ লাকড়া (ভা.জা.ক. - হেণ্ড),কবিতা নাগ (নিৰ্দলীয় - পেন নিব উইথ চেভেন ৰেইজ),ৰিংকু পৰিড়া (নিৰ্দলীয় - ব’ এণ্ড এৰ’),Uncontested,Nil,Nil,দুলাল কাকতি (ইনক পট এণ্ড পেন),দুলাল চন্দ্ৰ বৰা (টু লিভচ),বিজয় গৌতম (ককনাট ট্ৰি),Nil,Nil,Nil
199,12,DWAR SALNA,6,PACHIM KALIABOR,71,ANJUKPANI,7,"ANJUKAPANI , ANJUKPANI NC",21,ANJUKPANI CHAH BAGAN LP SCHOOL (PUB),569,অনিল ঠাকুৰ (অ.গ.প. - এলিফেন্ট),মাৰিয়া গৰেতি হৰ লাকড়া (ভা.জা.ক. - হেণ্ড),কবিতা নাগ (নিৰ্দলীয় - পেন নিব উইথ চেভেন ৰেইজ),ৰিংকু পৰিড়া (নিৰ্দলীয় - ব’ এণ্ড এৰ’),Uncontested,Nil,Nil,নিমা ওৰাং (টু লিভচ),শ্যাম গঞ্জু (ককনাট ট্ৰি),Nil,Nil,Nil,Nil
200,12,DWAR SALNA,6,PACHIM KALIABOR,71,ANJUKPANI,8,"ANJUKPANI TE 1, ANJUKPANI TE2",22,ANJUKPANI CHAH BAGAN LP SCHOOL (PACHIM),472,অনিল ঠাকুৰ (অ.গ.প. - এলিফেন্ট),মাৰিয়া গৰেতি হৰ লাকড়া (ভা.জা.ক. - হেণ্ড),কবিতা নাগ (নিৰ্দলীয় - পেন নিব উইথ চেভেন ৰেইজ),ৰিংকু পৰিড়া (নিৰ্দলীয় - ব’ এণ্ড এৰ’),Uncontested,Nil,Nil,অংকিতা মেধি (ইনক পট এণ্ড পেন),এলিনা বেগম (ককনাট ট্ৰি),ৰেছমিনা বেগম (টু লিভচ),Nil,Nil,Nil
201,12,DWAR SALNA,6,PACHIM KALIABOR,71,ANJUKPANI,8,"ANJUKPANI TE 1, ANJUKPANI TE2",23,ANJUKPANI BABU CLUB,240,অনিল ঠাকুৰ (অ.গ.প. - এলিফেন্ট),মাৰিয়া গৰেতি হৰ লাকড়া (ভা.জা.ক. - হেণ্ড),কবিতা নাগ (নিৰ্দলীয় - পেন নিব উইথ চেভেন ৰেইজ),ৰিংকু পৰিড়া (নিৰ্দলীয় - ব’ এণ্ড এৰ’),Uncontested,Nil,Nil,অংকিতা মেধি (ইনক পট এণ্ড পেন),এলিনা বেগম (ককনাট ট্ৰি),ৰেছমিনা বেগম (টু লিভচ),Nil,Nil,Nil
202,12,DWAR SALNA,6,PACHIM KALIABOR,71,ANJUKPANI,9,"HASPANI 1, HASPANI 2",24,DEJOVELLY BAGAN MAJDUR CLUB,817,অনিল ঠাকুৰ (অ.গ.প. - এলিফেন্ট),মাৰিয়া গৰেতি হৰ লাকড়া (ভা.জা.ক. - হেণ্ড),কবিতা নাগ (নিৰ্দলীয় - পেন নিব উইথ চেভেন ৰেইজ),ৰিংকু পৰিড়া (নিৰ্দলীয় - ব’ এণ্ড এৰ’),Uncontested,Nil,Nil,নবনিতা বৰা ৰবিদাস (ককনাট ট্ৰি),সবিতা নায়ক (ইনক পট এণ্ড পেন),সংগীতা কুজুৰ (টু লিভচ),Nil,Nil,Nil
203,12,DWAR SALNA,6,PACHIM KALIABOR,71,ANJUKPANI,10,"DIJUVELLY, DIJUVELLY TE",25,DEJUVELLY BAGAN LP SCHOOL (PUB),1092,অনিল ঠাকুৰ (অ.গ.প. - এলিফেন্ট),মাৰিয়া গৰেতি হৰ লাকড়া (ভা.জা.ক. - হেণ্ড),কবিতা নাগ (নিৰ্দলীয় - পেন নিব উইথ চেভেন ৰেইজ),ৰিংকু পৰিড়া (নিৰ্দলীয় - ব’ এণ্ড এৰ’),Uncontested,Nil,Nil,জেউতি এক্কা (ইনক পট এণ্ড পেন),তৃপ্তি নাগ (ককনাট ট্ৰি),শ্বপনা গঞ্জু (টু লিভচ),Nil,Nil,Nil
204,12,DWAR SALNA,6,PACHIM KALIABOR,71,ANJUKPANI,10,"DIJUVELLY, DIJUVELLY TE",26,DEJUVELLY BAGAN LP SCHOOL (PACHIM),1192,অনিল ঠাকুৰ (অ.গ.প. - এলিফেন্ট),মাৰিয়া গৰেতি হৰ লাকড়া (ভা.জা.ক. - হেণ্ড),কবিতা নাগ (নিৰ্দলীয় - পেন নিব উইথ চেভেন ৰেইজ),ৰিংকু পৰিড়া (নিৰ্দলীয় - ব’ এণ্ড এৰ’),Uncontested,Nil,Nil,জেউতি এক্কা (ইনক পট এণ্ড পেন),তৃপ্তি নাগ (ককনাট ট্ৰি),শ্বপনা গঞ্জু (টু লিভচ),Nil,Nil,Nil
205,12,DWAR SALNA,6,PACHIM KALIABOR,72,HATIGAON BAGICHA,1,SAGMUTHI T.E 5 KATHARCHANG,27,KHELMATI PRATHAMIK VIDYALAYA,889,অনিল ঠাকুৰ (অ.গ.প. - এলিফেন্ট),মাৰিয়া গৰেতি হৰ লাকড়া (ভা.জা.ক. - হেণ্ড),কবিতা নাগ (নিৰ্দলীয় - পেন নিব উইথ চেভেন ৰেইজ),ৰিংকু পৰিড়া (নিৰ্দলীয় - ব’ এণ্ড এৰ’),আৰিয়ান ভৈ (ভা.জা.ক. - হেণ্ড),নিৰাকাৰ তাঁতী (অ.গ.প. - এলিফেন্ট),Nil,অহিমন নায়ক (ৰাইজিং চান),প্ৰতাপ ৰছাইলি (টু লিভচ),ৰুকৰাম তাঁতী (কাপ এণ্ড প্লেট),Nil,Nil,Nil
206,12,DWAR SALNA,6,PACHIM KALIABOR,72,HATIGAON BAGICHA,2,HATIGAON T.E 1 HATIGAON T.E 2,28,SURYA HATIGAON LP SCHOOL,864,অনিল ঠাকুৰ (অ.গ.প. - এলিফেন্ট),মাৰিয়া গৰেতি হৰ লাকড়া (ভা.জা.ক. - হেণ্ড),কবিতা নাগ (নিৰ্দলীয় - পেন নিব উইথ চেভেন ৰেইজ),ৰিংকু পৰিড়া (নিৰ্দলীয় - ব’ এণ্ড এৰ’),আৰিয়ান ভৈ (ভা.জা.ক. - হেণ্ড),নিৰাকাৰ তাঁতী (অ.গ.প. - এলিফেন্ট),Nil,অভিজিত লাক্সা (ৰাইজিং চান),ইভেচ তিৰ্কী (কাপ এণ্ড প্লেট),শ্ৰদ্ধানন এক্কা (টু লিভচ),Nil,Nil,Nil
207,12,DWAR SALNA,6,PACHIM KALIABOR,72,HATIGAON BAGICHA,3,HATIGAON T.E 3,29,HATIGAON SAH BAGICHA MAZDUR CLUB,561,অনিল ঠাকুৰ (অ.গ.প. - এলিফেন্ট),মাৰিয়া গৰেতি হৰ লাকড়া (ভা.জা.ক. - হেণ্ড),কবিতা নাগ (নিৰ্দলীয় - পেন নিব উইথ চেভেন ৰেইজ),ৰিংকু পৰিড়া (নিৰ্দলীয় - ব’ এণ্ড এৰ’),আৰিয়ান ভৈ (ভা.জা.ক. - হেণ্ড),নিৰাকাৰ তাঁতী (অ.গ.প. - এলিফেন্ট),Nil,Uncontested,Nil,Nil,Nil,Nil,Nil
208,12,DWAR SALNA,6,PACHIM KALIABOR,72,HATIGAON BAGICHA,4,HATIGAON T.E 4,30,SURJA HATIGAON LP SCHOOL (B),508,অনিল ঠাকুৰ (অ.গ.প. - এলিফেন্ট),মাৰিয়া গৰেতি হৰ লাকড়া (ভা.জা.ক. - হেণ্ড),কবিতা নাগ (নিৰ্দলীয় - পেন নিব উইথ চেভেন ৰেইজ),ৰিংকু পৰিড়া (নিৰ্দলীয় - ব’ এণ্ড এৰ’),আৰিয়ান ভৈ (ভা.জা.ক. - হেণ্ড),নিৰাকাৰ তাঁতী (অ.গ.প. - এলিফেন্ট),Nil,আৰজুমা খাতুন (টু লিভচ),ছাজেদা খাতুন (কাপ এণ্ড প্লেট),Nil,Nil,Nil,Nil
209,12,DWAR SALNA,6,PACHIM KALIABOR,72,HATIGAON BAGICHA,5,SAGMUTHI T.E 1 SAGMUTHI T.E 2,31,SAKMOTHI BAGAN PRATHAMIK VIDYALAYA,1137,অনিল ঠাকুৰ (অ.গ.প. - এলিফেন্ট),মাৰিয়া গৰেতি হৰ লাকড়া (ভা.জা.ক. - হেণ্ড),কবিতা নাগ (নিৰ্দলীয় - পেন নিব উইথ চেভেন ৰেইজ),ৰিংকু পৰিড়া (নিৰ্দলীয় - ব’ এণ্ড এৰ’),আৰিয়ান ভৈ (ভা.জা.ক. - হেণ্ড),নিৰাকাৰ তাঁতী (অ.গ.প. - এলিফেন্ট),Nil,খুলেনা বেহেৰা (টু লিভচ),মনিতা দাস (কাপ এণ্ড প্লেট),সঙ্গীতা ভই (ৰাইজিং চান),Nil,Nil,Nil
210,12,DWAR SALNA,6,PACHIM KALIABOR,72,HATIGAON BAGICHA,6,SAGMUTHI T.E 3 SAGMUTHI T.E 4,32,SAKMOTHI SARKARI BAGAN SARKARI LP SCHOOL,1023,অনিল ঠাকুৰ (অ.গ.প. - এলিফেন্ট),মাৰিয়া গৰেতি হৰ লাকড়া (ভা.জা.ক. - হেণ্ড),কবিতা নাগ (নিৰ্দলীয় - পেন নিব উইথ চেভেন ৰেইজ),ৰিংকু পৰিড়া (নিৰ্দলীয় - ব’ এণ্ড এৰ’),আৰিয়ান ভৈ (ভা.জা.ক. - হেণ্ড),নিৰাকাৰ তাঁতী (অ.গ.প. - এলিফেন্ট),Nil,দীপা হাসাঁ (টু লিভচ),সুস্মিতা তিৰ্কী (কাপ এণ্ড প্লেট),Nil,Nil,Nil,Nil
211,12,DWAR SALNA,6,PACHIM KALIABOR,72,HATIGAON BAGICHA,7,KELLYDEN,33,KELLYDEN BABU CLUB,944,অনিল ঠাকুৰ (অ.গ.প. - এলিফেন্ট),মাৰিয়া গৰেতি হৰ লাকড়া (ভা.জা.ক. - হেণ্ড),কবিতা নাগ (নিৰ্দলীয় - পেন নিব উইথ চেভেন ৰেইজ),ৰিংকু পৰিড়া (নিৰ্দলীয় - ব’ এণ্ড এৰ’),আৰিয়ান ভৈ (ভা.জা.ক. - হেণ্ড),নিৰাকাৰ তাঁতী (অ.গ.প. - এলিফেন্ট),Nil,অজত দৰা (কক'নাট ট্ৰি),জোনালী বেহেৰা (ৰাইজিং চান),ৰেনুকা মল্লিক (টু লিভচ),Nil,Nil,Nil
212,12,DWAR SALNA,6,PACHIM KALIABOR,72,HATIGAON BAGICHA,8,KELLYDEN T.E NO 1,34,KELLYDEN BAGAN SISHU UMALA GRIHA,814,অনিল ঠাকুৰ (অ.গ.প. - এলিফেন্ট),মাৰিয়া গৰেতি হৰ লাকড়া (ভা.জা.ক. - হেণ্ড),কবিতা নাগ (নিৰ্দলীয় - পেন নিব উইথ চেভেন ৰেইজ),ৰিংকু পৰিড়া (নিৰ্দলীয় - ব’ এণ্ড এৰ’),আৰিয়ান ভৈ (ভা.জা.ক. - হেণ্ড),নিৰাকাৰ তাঁতী (অ.গ.প. - এলিফেন্ট),Nil,ৰাধীকা গৌড় (কাপ এণ্ড প্লেট),হিমাক্ষী দেৱী গৌড় (টু লিভচ),Nil,Nil,Nil,Nil
213,12,DWAR SALNA,6,PACHIM KALIABOR,72,HATIGAON BAGICHA,9,KELLYDEN T.E  NO 2,35,KELLYDEN BAGAN LP SCHOOL (PUB),807,অনিল ঠাকুৰ (অ.গ.প. - এলিফেন্ট),মাৰিয়া গৰেতি হৰ লাকড়া (ভা.জা.ক. - হেণ্ড),কবিতা নাগ (নিৰ্দলীয় - পেন নিব উইথ চেভেন ৰেইজ),ৰিংকু পৰিড়া (নিৰ্দলীয় - ব’ এণ্ড এৰ’),আৰিয়ান ভৈ (ভা.জা.ক. - হেণ্ড),নিৰাকাৰ তাঁতী (অ.গ.প. - এলিফেন্ট),Nil,ধীৰাজ গৌড় (টু লিভচ),পুষ্পা প্ৰধান (ৰাইজিং চান),বিনোদ মাদ্ৰাজী (কাপ এণ্ড প্লেট),Nil,Nil,Nil
214,12,DWAR SALNA,6,PACHIM KALIABOR,72,HATIGAON BAGICHA,10,KELLYDEN T.E 3 KELLYDEN T.E 4,36,KELLYDEN BAGAN LP SCHOOL (PACHIM),580,অনিল ঠাকুৰ (অ.গ.প. - এলিফেন্ট),মাৰিয়া গৰেতি হৰ লাকড়া (ভা.জা.ক. - হেণ্ড),কবিতা নাগ (নিৰ্দলীয় - পেন নিব উইথ চেভেন ৰেইজ),ৰিংকু পৰিড়া (নিৰ্দলীয় - ব’ এণ্ড এৰ’),আৰিয়ান ভৈ (ভা.জা.ক. - হেণ্ড),নিৰাকাৰ তাঁতী (অ.গ.প. - এলিফেন্ট),Nil,Uncontested,Nil,Nil,Nil,Nil,Nil
215,12,DWAR SALNA,6,PACHIM KALIABOR,73,KUHUMTOLI,1,GATANGA PART (1),37,GATANGA L.P.SCHOOL (PUB),1270,অনিল ঠাকুৰ (অ.গ.প. - এলিফেন্ট),মাৰিয়া গৰেতি হৰ লাকড়া (ভা.জা.ক. - হেণ্ড),কবিতা নাগ (নিৰ্দলীয় - পেন নিব উইথ চেভেন ৰেইজ),ৰিংকু পৰিড়া (নিৰ্দলীয় - ব’ এণ্ড এৰ’),ৰুমী দেৱনাথ (ভা.জ.পা. - লটাচ),ৰেজুৱানা বেগম (ভা. জা. ক. - হেণ্ড),Nil,অপুল দাস (এৰ'প্লেন),জীৱন বৰ্মন (টু লিভচ),Nil,Nil,Nil,Nil
216,12,DWAR SALNA,6,PACHIM KALIABOR,73,KUHUMTOLI,2,GATANGA PART (2),38,GATANGA BINAPANI L.P.SCHOOL,1228,অনিল ঠাকুৰ (অ.গ.প. - এলিফেন্ট),মাৰিয়া গৰেতি হৰ লাকড়া (ভা.জা.ক. - হেণ্ড),কবিতা নাগ (নিৰ্দলীয় - পেন নিব উইথ চেভেন ৰেইজ),ৰিংকু পৰিড়া (নিৰ্দলীয় - ব’ এণ্ড এৰ’),ৰুমী দেৱনাথ (ভা.জ.পা. - লটাচ),ৰেজুৱানা বেগম (ভা. জা. ক. - হেণ্ড),Nil,প্ৰনয় দাস (টেলিভিশ্বন),মুজাহিদুল ইছলাম (টু লিভচ),Nil,Nil,Nil,Nil
217,12,DWAR SALNA,6,PACHIM KALIABOR,73,KUHUMTOLI,3,CHAKITUP,39,NATUN CHAKITUP L.P.SCHOOL,885,অনিল ঠাকুৰ (অ.গ.প. - এলিফেন্ট),মাৰিয়া গৰেতি হৰ লাকড়া (ভা.জা.ক. - হেণ্ড),কবিতা নাগ (নিৰ্দলীয় - পেন নিব উইথ চেভেন ৰেইজ),ৰিংকু পৰিড়া (নিৰ্দলীয় - ব’ এণ্ড এৰ’),ৰুমী দেৱনাথ (ভা.জ.পা. - লটাচ),ৰেজুৱানা বেগম (ভা. জা. ক. - হেণ্ড),Nil,জ্যোতিকা দাস (টু লিভচ),মল্লিকা খাতুন (হাৰিকেন লেম্প),মীৰা দাস (লেপটপ),লিপিকা দে ঘোষ (কাপ এণ্ড প্লেট),Nil,Nil
218,12,DWAR SALNA,6,PACHIM KALIABOR,73,KUHUMTOLI,4,GARUMARA PART (1),40,GARUMARA L.P.SCHOOL,1153,অনিল ঠাকুৰ (অ.গ.প. - এলিফেন্ট),মাৰিয়া গৰেতি হৰ লাকড়া (ভা.জা.ক. - হেণ্ড),কবিতা নাগ (নিৰ্দলীয় - পেন নিব উইথ চেভেন ৰেইজ),ৰিংকু পৰিড়া (নিৰ্দলীয় - ব’ এণ্ড এৰ’),ৰুমী দেৱনাথ (ভা.জ.পা. - লটাচ),ৰেজুৱানা বেগম (ভা. জা. ক. - হেণ্ড),Nil,অঞ্জুমা বেগম (এৰ'প্লেন),আফছানা নাছৰিন (টু লিভচ),শেৱালী শইকীয়া (কাৰ),Nil,Nil,Nil
219,12,DWAR SALNA,6,PACHIM KALIABOR,73,KUHUMTOLI,5,KUHUMTALI  PART  (1),41,KUHUMTALI L.P.SCHOOL (KA),956,অনিল ঠাকুৰ (অ.গ.প. - এলিফেন্ট),মাৰিয়া গৰেতি হৰ লাকড়া (ভা.জা.ক. - হেণ্ড),কবিতা নাগ (নিৰ্দলীয় - পেন নিব উইথ চেভেন ৰেইজ),ৰিংকু পৰিড়া (নিৰ্দলীয় - ব’ এণ্ড এৰ’),ৰুমী দেৱনাথ (ভা.জ.পা. - লটাচ),ৰেজুৱানা বেগম (ভা. জা. ক. - হেণ্ড),Nil,আৰফিন নাৰ্গিছ নিয়াৰ (কাপ এণ্ড প্লেট),ৰচোনাৰা বেগম (ওৱাটছ),ৰনজুমা বেগম (হাৰিকেন লেম্প),ৰিয়া চুলতানা (টু লিভচ),Nil,Nil
220,12,DWAR SALNA,6,PACHIM KALIABOR,73,KUHUMTOLI,6,KUHUMTALI  PART (2),42,KUHUMTALI L.P.SCHOOL (KHA),940,অনিল ঠাকুৰ (অ.গ.প. - এলিফেন্ট),মাৰিয়া গৰেতি হৰ লাকড়া (ভা.জা.ক. - হেণ্ড),কবিতা নাগ (নিৰ্দলীয় - পেন নিব উইথ চেভেন ৰেইজ),ৰিংকু পৰিড়া (নিৰ্দলীয় - ব’ এণ্ড এৰ’),ৰুমী দেৱনাথ (ভা.জ.পা. - লটাচ),ৰেজুৱানা বেগম (ভা. জা. ক. - হেণ্ড),Nil,এলিজা পাৰবীন (এৰ'প্লেন),ছামিনা ইয়াছমিন (টু লিভচ),জ্যোস্না দেৱনাথ (চেউইং মেচিন),নাজৰীন চুলতানা (হাৰিকেন লেম্প),Nil,Nil
221,12,DWAR SALNA,6,PACHIM KALIABOR,73,KUHUMTOLI,7,BHUMURAGURI,43,BHUMURAGURI L.P.SCHOOL,875,অনিল ঠাকুৰ (অ.গ.প. - এলিফেন্ট),মাৰিয়া গৰেতি হৰ লাকড়া (ভা.জা.ক. - হেণ্ড),কবিতা নাগ (নিৰ্দলীয় - পেন নিব উইথ চেভেন ৰেইজ),ৰিংকু পৰিড়া (নিৰ্দলীয় - ব’ এণ্ড এৰ’),ৰুমী দেৱনাথ (ভা.জ.পা. - লটাচ),ৰেজুৱানা বেগম (ভা. জা. ক. - হেণ্ড),Nil,ৰোহিত চন্দ্ৰ দাস (কাপ এণ্ড প্লেট),হুছেন আলী (টু লিভচ),Nil,Nil,Nil,Nil
222,12,DWAR SALNA,6,PACHIM KALIABOR,73,KUHUMTOLI,8,KHALIHAMARI PART (1),44,KHALIHAMARI L.P.SCHOOL (KA),648,অনিল ঠাকুৰ (অ.গ.প. - এলিফেন্ট),মাৰিয়া গৰেতি হৰ লাকড়া (ভা.জা.ক. - হেণ্ড),কবিতা নাগ (নিৰ্দলীয় - পেন নিব উইথ চেভেন ৰেইজ),ৰিংকু পৰিড়া (নিৰ্দলীয় - ব’ এণ্ড এৰ’),ৰুমী দেৱনাথ (ভা.জ.পা. - লটাচ),ৰেজুৱানা বেগম (ভা. জা. ক. - হেণ্ড),Nil,গৌৰী দেৱনাথ (কাপ এণ্ড প্লেট),পল্লৱী দেৱনাথ (বৌ এণ্ড এৰ'),যমুনা দেৱনাথ (কাৰ),শঙ্কৰী দেৱনাথ (টু লিভচ),Nil,Nil
223,12,DWAR SALNA,6,PACHIM KALIABOR,73,KUHUMTOLI,8,KHALIHAMARI PART (1),45,KHALIHAMARI L.P.SCHOOL (KHA),475,অনিল ঠাকুৰ (অ.গ.প. - এলিফেন্ট),মাৰিয়া গৰেতি হৰ লাকড়া (ভা.জা.ক. - হেণ্ড),কবিতা নাগ (নিৰ্দলীয় - পেন নিব উইথ চেভেন ৰেইজ),ৰিংকু পৰিড়া (নিৰ্দলীয় - ব’ এণ্ড এৰ’),ৰুমী দেৱনাথ (ভা.জ.পা. - লটাচ),ৰেজুৱানা বেগম (ভা. জা. ক. - হেণ্ড),Nil,গৌৰী দেৱনাথ (কাপ এণ্ড প্লেট),পল্লৱী দেৱনাথ (বৌ এণ্ড এৰ'),যমুনা দেৱনাথ (কাৰ),শঙ্কৰী দেৱনাথ (টু লিভচ),Nil,Nil
224,12,DWAR SALNA,6,PACHIM KALIABOR,73,KUHUMTOLI,9,KHALIHAMARI PART (2),46,2 NO KHALIHAMARI L.P.SCHOOL,1191,অনিল ঠাকুৰ (অ.গ.প. - এলিফেন্ট),মাৰিয়া গৰেতি হৰ লাকড়া (ভা.জা.ক. - হেণ্ড),কবিতা নাগ (নিৰ্দলীয় - পেন নিব উইথ চেভেন ৰেইজ),ৰিংকু পৰিড়া (নিৰ্দলীয় - ব’ এণ্ড এৰ’),ৰুমী দেৱনাথ (ভা.জ.পা. - লটাচ),ৰেজুৱানা বেগম (ভা. জা. ক. - হেণ্ড),Nil,আবু বক্কৰ ছিদ্দিক (এৰ'প্লেন),দিলদাৰ হুছেইন (কাৰ),বিশ্বজিৎ দেৱনাথ (টু লিভচ),Nil,Nil,Nil
225,12,DWAR SALNA,6,PACHIM KALIABOR,73,KUHUMTOLI,10,KHALIHAMARI PART (3),47,KHALIHAMARI L.P.SCHOOL (GA),718,অনিল ঠাকুৰ (অ.গ.প. - এলিফেন্ট),মাৰিয়া গৰেতি হৰ লাকড়া (ভা.জা.ক. - হেণ্ড),কবিতা নাগ (নিৰ্দলীয় - পেন নিব উইথ চেভেন ৰেইজ),ৰিংকু পৰিড়া (নিৰ্দলীয় - ব’ এণ্ড এৰ’),ৰুমী দেৱনাথ (ভা.জ.পা. - লটাচ),ৰেজুৱানা বেগম (ভা. জা. ক. - হেণ্ড),Nil,আতাবুৰ ৰহমান (হেণ্ড পাম্প),এহিয়া আলম (হাৰিকেন লেম্প),খিৰাজুল হক (কাৰ),দুলাল দাস (কাপ এণ্ড প্লেট),মেহেবুবা চুলতানা (টু লিভচ),Nil
226,12,DWAR SALNA,6,PACHIM KALIABOR,73,KUHUMTOLI,10,KHALIHAMARI PART (3),47A,KHOLIHAMARI LP SCHOOL,776,অনিল ঠাকুৰ (অ.গ.প. - এলিফেন্ট),মাৰিয়া গৰেতি হৰ লাকড়া (ভা.জা.ক. - হেণ্ড),কবিতা নাগ (নিৰ্দলীয় - পেন নিব উইথ চেভেন ৰেইজ),ৰিংকু পৰিড়া (নিৰ্দলীয় - ব’ এণ্ড এৰ’),ৰুমী দেৱনাথ (ভা.জ.পা. - লটাচ),ৰেজুৱানা বেগম (ভা. জা. ক. - হেণ্ড),Nil,আতাবুৰ ৰহমান (হেণ্ড পাম্প),এহিয়া আলম (হাৰিকেন লেম্প),খিৰাজুল হক (কাৰ),দুলাল দাস (কাপ এণ্ড প্লেট),মেহেবুবা চুলতানা (টু লিভচ),Nil
227,12,DWAR SALNA,6,PACHIM KALIABOR,74,NIZ BORBHAGIA,1,NIZ-BORBHAGIA (PART 1),48,NAMGAON SARKARI BUNIYADI VIDYALAYA (PACHIM),290,অনিল ঠাকুৰ (অ.গ.প. - এলিফেন্ট),মাৰিয়া গৰেতি হৰ লাকড়া (ভা.জা.ক. - হেণ্ড),কবিতা নাগ (নিৰ্দলীয় - পেন নিব উইথ চেভেন ৰেইজ),ৰিংকু পৰিড়া (নিৰ্দলীয় - ব’ এণ্ড এৰ’),অঞ্জুমা ৰজক (ভা. জ. পা. - লটাচ),জয়ন্ত ৰবিদাস (নিৰ্দলীয় - এৰ’প্লেন),মানিক পাল (নিৰ্দলীয় - অট’ৰিক্সা),Uncontested,Nil,Nil,Nil,Nil,Nil
228,12,DWAR SALNA,6,PACHIM KALIABOR,74,NIZ BORBHAGIA,2,NIZ BORBHUGIA (PART 2 ),49,NAMGAON SARKARI BUNIYADI SCHOOL ( PUB),676,অনিল ঠাকুৰ (অ.গ.প. - এলিফেন্ট),মাৰিয়া গৰেতি হৰ লাকড়া (ভা.জা.ক. - হেণ্ড),কবিতা নাগ (নিৰ্দলীয় - পেন নিব উইথ চেভেন ৰেইজ),ৰিংকু পৰিড়া (নিৰ্দলীয় - ব’ এণ্ড এৰ’),অঞ্জুমা ৰজক (ভা. জ. পা. - লটাচ),জয়ন্ত ৰবিদাস (নিৰ্দলীয় - এৰ’প্লেন),মানিক পাল (নিৰ্দলীয় - অট’ৰিক্সা),Uncontested,Nil,Nil,Nil,Nil,Nil
229,12,DWAR SALNA,6,PACHIM KALIABOR,74,NIZ BORBHAGIA,3,NAMGAON,50,NAMGAON SARKARI BUNIYADI VIDYALAYA (NORTH),548,অনিল ঠাকুৰ (অ.গ.প. - এলিফেন্ট),মাৰিয়া গৰেতি হৰ লাকড়া (ভা.জা.ক. - হেণ্ড),কবিতা নাগ (নিৰ্দলীয় - পেন নিব উইথ চেভেন ৰেইজ),ৰিংকু পৰিড়া (নিৰ্দলীয় - ব’ এণ্ড এৰ’),অঞ্জুমা ৰজক (ভা. জ. পা. - লটাচ),জয়ন্ত ৰবিদাস (নিৰ্দলীয় - এৰ’প্লেন),মানিক পাল (নিৰ্দলীয় - অট’ৰিক্সা),Uncontested,Nil,Nil,Nil,Nil,Nil
230,12,DWAR SALNA,6,PACHIM KALIABOR,74,NIZ BORBHAGIA,4,PANIGAON,51,MISSA PANIGAON PRATHAMIK VIDYALAYA,735,অনিল ঠাকুৰ (অ.গ.প. - এলিফেন্ট),মাৰিয়া গৰেতি হৰ লাকড়া (ভা.জা.ক. - হেণ্ড),কবিতা নাগ (নিৰ্দলীয় - পেন নিব উইথ চেভেন ৰেইজ),ৰিংকু পৰিড়া (নিৰ্দলীয় - ব’ এণ্ড এৰ’),অঞ্জুমা ৰজক (ভা. জ. পা. - লটাচ),জয়ন্ত ৰবিদাস (নিৰ্দলীয় - এৰ’প্লেন),মানিক পাল (নিৰ্দলীয় - অট’ৰিক্সা),Uncontested,Nil,Nil,Nil,Nil,Nil
231,12,DWAR SALNA,6,PACHIM KALIABOR,74,NIZ BORBHAGIA,5,HALUWAGAON,52,HALOWAGAON LP SCHOOL(PACHIM),1213,অনিল ঠাকুৰ (অ.গ.প. - এলিফেন্ট),মাৰিয়া গৰেতি হৰ লাকড়া (ভা.জা.ক. - হেণ্ড),কবিতা নাগ (নিৰ্দলীয় - পেন নিব উইথ চেভেন ৰেইজ),ৰিংকু পৰিড়া (নিৰ্দলীয় - ব’ এণ্ড এৰ’),অঞ্জুমা ৰজক (ভা. জ. পা. - লটাচ),জয়ন্ত ৰবিদাস (নিৰ্দলীয় - এৰ’প্লেন),মানিক পাল (নিৰ্দলীয় - অট’ৰিক্সা),প্ৰিয়কা খাকলাৰী (টেলিভিশ্বন),বিভা বসুমতাৰী (টু লিভচ),Nil,Nil,Nil,Nil
232,12,DWAR SALNA,6,PACHIM KALIABOR,74,NIZ BORBHAGIA,6,MISSA MUKH NIZ MISSAMUKH,53,HALOWAGAON LP SCHOOL (PUB),739,অনিল ঠাকুৰ (অ.গ.প. - এলিফেন্ট),মাৰিয়া গৰেতি হৰ লাকড়া (ভা.জা.ক. - হেণ্ড),কবিতা নাগ (নিৰ্দলীয় - পেন নিব উইথ চেভেন ৰেইজ),ৰিংকু পৰিড়া (নিৰ্দলীয় - ব’ এণ্ড এৰ’),অঞ্জুমা ৰজক (ভা. জ. পা. - লটাচ),জয়ন্ত ৰবিদাস (নিৰ্দলীয় - এৰ’প্লেন),মানিক পাল (নিৰ্দলীয় - অট’ৰিক্সা),অৰূপ মণ্ডল (কম্পিউটাৰ),নিমাই মণ্ডল (টু লিভচ),ৰবীন্দ্ৰ কুমাৰ ৰায় (নাগৰিক),Nil,Nil,Nil
233,12,DWAR SALNA,6,PACHIM KALIABOR,74,NIZ BORBHAGIA,6,MISSA MUKH NIZ MISSAMUKH,54,MISSA HIGH SCHOOL (PACHIM),711,অনিল ঠাকুৰ (অ.গ.প. - এলিফেন্ট),মাৰিয়া গৰেতি হৰ লাকড়া (ভা.জা.ক. - হেণ্ড),কবিতা নাগ (নিৰ্দলীয় - পেন নিব উইথ চেভেন ৰেইজ),ৰিংকু পৰিড়া (নিৰ্দলীয় - ব’ এণ্ড এৰ’),অঞ্জুমা ৰজক (ভা. জ. পা. - লটাচ),জয়ন্ত ৰবিদাস (নিৰ্দলীয় - এৰ’প্লেন),মানিক পাল (নিৰ্দলীয় - অট’ৰিক্সা),অৰূপ মণ্ডল (কম্পিউটাৰ),নিমাই মণ্ডল (টু লিভচ),ৰবীন্দ্ৰ কুমাৰ ৰায় (নাগৰিক),Nil,Nil,Nil
234,12,DWAR SALNA,6,PACHIM KALIABOR,74,NIZ BORBHAGIA,7,ROWMARI,55,BARALIGAON LP SCHOOL,1228,অনিল ঠাকুৰ (অ.গ.প. - এলিফেন্ট),মাৰিয়া গৰেতি হৰ লাকড়া (ভা.জা.ক. - হেণ্ড),কবিতা নাগ (নিৰ্দলীয় - পেন নিব উইথ চেভেন ৰেইজ),ৰিংকু পৰিড়া (নিৰ্দলীয় - ব’ এণ্ড এৰ’),অঞ্জুমা ৰজক (ভা. জ. পা. - লটাচ),জয়ন্ত ৰবিদাস (নিৰ্দলীয় - এৰ’প্লেন),মানিক পাল (নিৰ্দলীয় - অট’ৰিক্সা),গনেশ প্ৰসাদ (কলিফ্লাৱাৰ),দীপক চন্দ্ৰ দাস (কাৰ),পবিত্ৰা বৰা (টু লিভচ),ৰাজু মণ্ডল (কক'নাট ট্ৰি),Nil,Nil
235,12,DWAR SALNA,6,PACHIM KALIABOR,74,NIZ BORBHAGIA,8,MISSA DIVISION,56,MISSA CHAH BAGAN PRATHAMIK VIDYALAYA (PUB),840,অনিল ঠাকুৰ (অ.গ.প. - এলিফেন্ট),মাৰিয়া গৰেতি হৰ লাকড়া (ভা.জা.ক. - হেণ্ড),কবিতা নাগ (নিৰ্দলীয় - পেন নিব উইথ চেভেন ৰেইজ),ৰিংকু পৰিড়া (নিৰ্দলীয় - ব’ এণ্ড এৰ’),অঞ্জুমা ৰজক (ভা. জ. পা. - লটাচ),জয়ন্ত ৰবিদাস (নিৰ্দলীয় - এৰ’প্লেন),মানিক পাল (নিৰ্দলীয় - অট’ৰিক্সা),Uncontested,Nil,Nil,Nil,Nil,Nil
236,12,DWAR SALNA,6,PACHIM KALIABOR,74,NIZ BORBHAGIA,9,MISSA DIVISION (3RD PART),57,MISSA HIGH SCHOOL (PUB),915,অনিল ঠাকুৰ (অ.গ.প. - এলিফেন্ট),মাৰিয়া গৰেতি হৰ লাকড়া (ভা.জা.ক. - হেণ্ড),কবিতা নাগ (নিৰ্দলীয় - পেন নিব উইথ চেভেন ৰেইজ),ৰিংকু পৰিড়া (নিৰ্দলীয় - ব’ এণ্ড এৰ’),অঞ্জুমা ৰজক (ভা. জ. পা. - লটাচ),জয়ন্ত ৰবিদাস (নিৰ্দলীয় - এৰ’প্লেন),মানিক পাল (নিৰ্দলীয় - অট’ৰিক্সা),কৃষ্ণা লোহাৰ (টু লিভচ),পম্পী শইকীয়া ভাৰতী (কম্পিউটাৰ),Nil,Nil,Nil,Nil
237,12,DWAR SALNA,6,PACHIM KALIABOR,74,NIZ BORBHAGIA,10,MISSA DIVISION (2ND PART),58,MISSA CHAH BAGAN PRATHAMIK VIDYALAYA (PACHIM),501,অনিল ঠাকুৰ (অ.গ.প. - এলিফেন্ট),মাৰিয়া গৰেতি হৰ লাকড়া (ভা.জা.ক. - হেণ্ড),কবিতা নাগ (নিৰ্দলীয় - পেন নিব উইথ চেভেন ৰেইজ),ৰিংকু পৰিড়া (নিৰ্দলীয় - ব’ এণ্ড এৰ’),অঞ্জুমা ৰজক (ভা. জ. পা. - লটাচ),জয়ন্ত ৰবিদাস (নিৰ্দলীয় - এৰ’প্লেন),মানিক পাল (নিৰ্দলীয় - অট’ৰিক্সা),Uncontested,Nil,Nil,Nil,Nil,Nil
238,12,DWAR SALNA,6,PACHIM KALIABOR,75,SALONA BAGICHA,1,"LANGTANG T.E , SALBARI, LANGTANG GAON",59,LENGTENG SAH BAGICHA MAJDUR CLUB (PUB),690,অনিল ঠাকুৰ (অ.গ.প. - এলিফেন্ট),মাৰিয়া গৰেতি হৰ লাকড়া (ভা.জা.ক. - হেণ্ড),কবিতা নাগ (নিৰ্দলীয় - পেন নিব উইথ চেভেন ৰেইজ),ৰিংকু পৰিড়া (নিৰ্দলীয় - ব’ এণ্ড এৰ’),নাৰায়ণ ৰাহা (ভা. জা. ক. - হেণ্ড),সোমনাথ তাঁতী (অ. গ. প. - এলিফেন্ট),Nil,অমিত উৰাং (ৰাইজিং চান),নন্দলাল নায়ক (টু লিভচ),Nil,Nil,Nil,Nil
239,12,DWAR SALNA,6,PACHIM KALIABOR,75,SALONA BAGICHA,1,"LANGTANG T.E , SALBARI, LANGTANG GAON",60,LENGTENG SAH BAGICHA MAJDUR CLUB (PACHIM),630,অনিল ঠাকুৰ (অ.গ.প. - এলিফেন্ট),মাৰিয়া গৰেতি হৰ লাকড়া (ভা.জা.ক. - হেণ্ড),কবিতা নাগ (নিৰ্দলীয় - পেন নিব উইথ চেভেন ৰেইজ),ৰিংকু পৰিড়া (নিৰ্দলীয় - ব’ এণ্ড এৰ’),নাৰায়ণ ৰাহা (ভা. জা. ক. - হেণ্ড),সোমনাথ তাঁতী (অ. গ. প. - এলিফেন্ট),Nil,অমিত উৰাং (ৰাইজিং চান),নন্দলাল নায়ক (টু লিভচ),Nil,Nil,Nil,Nil
240,12,DWAR SALNA,6,PACHIM KALIABOR,75,SALONA BAGICHA,2,NA-PANI T.E,61,LENGTENG BAGAN BABU CLUB,715,অনিল ঠাকুৰ (অ.গ.প. - এলিফেন্ট),মাৰিয়া গৰেতি হৰ লাকড়া (ভা.জা.ক. - হেণ্ড),কবিতা নাগ (নিৰ্দলীয় - পেন নিব উইথ চেভেন ৰেইজ),ৰিংকু পৰিড়া (নিৰ্দলীয় - ব’ এণ্ড এৰ’),নাৰায়ণ ৰাহা (ভা. জা. ক. - হেণ্ড),সোমনাথ তাঁতী (অ. গ. প. - এলিফেন্ট),Nil,লৱ ছত্ৰীয়া (টু লিভচ),সঞ্জয় কোঁৱৰ (ৰাইজিং চান),Nil,Nil,Nil,Nil
241,12,DWAR SALNA,6,PACHIM KALIABOR,75,SALONA BAGICHA,3,BORGHAT T.E.1,62,BORGHAT MAJDUR CLUB,588,অনিল ঠাকুৰ (অ.গ.প. - এলিফেন্ট),মাৰিয়া গৰেতি হৰ লাকড়া (ভা.জা.ক. - হেণ্ড),কবিতা নাগ (নিৰ্দলীয় - পেন নিব উইথ চেভেন ৰেইজ),ৰিংকু পৰিড়া (নিৰ্দলীয় - ব’ এণ্ড এৰ’),নাৰায়ণ ৰাহা (ভা. জা. ক. - হেণ্ড),সোমনাথ তাঁতী (অ. গ. প. - এলিফেন্ট),Nil,নিলী তাঁতী (ৰাইজিং চান),পূৰ্ণীমা তাঁতী (টু লিভচ),সেফালী নাগ (ব'ট),Nil,Nil,Nil
242,12,DWAR SALNA,6,PACHIM KALIABOR,75,SALONA BAGICHA,4,BORGHAT T.E.2,63,BORGHAT PRATHAMIK VIDYALAYA,729,অনিল ঠাকুৰ (অ.গ.প. - এলিফেন্ট),মাৰিয়া গৰেতি হৰ লাকড়া (ভা.জা.ক. - হেণ্ড),কবিতা নাগ (নিৰ্দলীয় - পেন নিব উইথ চেভেন ৰেইজ),ৰিংকু পৰিড়া (নিৰ্দলীয় - ব’ এণ্ড এৰ’),নাৰায়ণ ৰাহা (ভা. জা. ক. - হেণ্ড),সোমনাথ তাঁতী (অ. গ. প. - এলিফেন্ট),Nil,ত্ৰিনাথ তাঁতী (এৰ'প্লেন),বিকাশ তাঁতী (টু লিভচ),ৰমেশ চাহু (ৰাইজিং চান),Nil,Nil,Nil
243,12,DWAR SALNA,6,PACHIM KALIABOR,75,SALONA BAGICHA,5,BORGHAT T.E.3,64,SALNA BAGAN BABU CLUB (PUB),758,অনিল ঠাকুৰ (অ.গ.প. - এলিফেন্ট),মাৰিয়া গৰেতি হৰ লাকড়া (ভা.জা.ক. - হেণ্ড),কবিতা নাগ (নিৰ্দলীয় - পেন নিব উইথ চেভেন ৰেইজ),ৰিংকু পৰিড়া (নিৰ্দলীয় - ব’ এণ্ড এৰ’),নাৰায়ণ ৰাহা (ভা. জা. ক. - হেণ্ড),সোমনাথ তাঁতী (অ. গ. প. - এলিফেন্ট),Nil,চুৰেন তাঁতী (ৰাইজিং চান),ধৰম নাগ (কাপ এণ্ড প্লেট),ৰবীন তাঁতী (টু লিভচ),Nil,Nil,Nil
244,12,DWAR SALNA,6,PACHIM KALIABOR,75,SALONA BAGICHA,5,BORGHAT T.E.3,65,SALNA BAGAN BABU CLUB (PACHIM),715,অনিল ঠাকুৰ (অ.গ.প. - এলিফেন্ট),মাৰিয়া গৰেতি হৰ লাকড়া (ভা.জা.ক. - হেণ্ড),কবিতা নাগ (নিৰ্দলীয় - পেন নিব উইথ চেভেন ৰেইজ),ৰিংকু পৰিড়া (নিৰ্দলীয় - ব’ এণ্ড এৰ’),নাৰায়ণ ৰাহা (ভা. জা. ক. - হেণ্ড),সোমনাথ তাঁতী (অ. গ. প. - এলিফেন্ট),Nil,চুৰেন তাঁতী (ৰাইজিং চান),ধৰম নাগ (কাপ এণ্ড প্লেট),ৰবীন তাঁতী (টু লিভচ),Nil,Nil,Nil
245,12,DWAR SALNA,6,PACHIM KALIABOR,75,SALONA BAGICHA,6,NUTUN SALONA T.E. 1 (P-1),66,SALANA BAGAN PRATHAMIK VIDYALAYA (PUB),803,অনিল ঠাকুৰ (অ.গ.প. - এলিফেন্ট),মাৰিয়া গৰেতি হৰ লাকড়া (ভা.জা.ক. - হেণ্ড),কবিতা নাগ (নিৰ্দলীয় - পেন নিব উইথ চেভেন ৰেইজ),ৰিংকু পৰিড়া (নিৰ্দলীয় - ব’ এণ্ড এৰ’),নাৰায়ণ ৰাহা (ভা. জা. ক. - হেণ্ড),সোমনাথ তাঁতী (অ. গ. প. - এলিফেন্ট),Nil,অপন মল্লীক (ৰাইজিং চান),গৌতম ভূমিজ (টু লিভচ),লক্ষী নায়ক (কাৰ),Nil,Nil,Nil
246,12,DWAR SALNA,6,PACHIM KALIABOR,75,SALONA BAGICHA,6,NUTUN SALONA T.E. 1 (P-1),67,SALANA BAGAN PRATHAMIK VIDYALAYA (PACHIM),507,অনিল ঠাকুৰ (অ.গ.প. - এলিফেন্ট),মাৰিয়া গৰেতি হৰ লাকড়া (ভা.জা.ক. - হেণ্ড),কবিতা নাগ (নিৰ্দলীয় - পেন নিব উইথ চেভেন ৰেইজ),ৰিংকু পৰিড়া (নিৰ্দলীয় - ব’ এণ্ড এৰ’),নাৰায়ণ ৰাহা (ভা. জা. ক. - হেণ্ড),সোমনাথ তাঁতী (অ. গ. প. - এলিফেন্ট),Nil,অপন মল্লীক (ৰাইজিং চান),গৌতম ভূমিজ (টু লিভচ),লক্ষী নায়ক (কাৰ),Nil,Nil,Nil
247,12,DWAR SALNA,6,PACHIM KALIABOR,75,SALONA BAGICHA,7,NUTUN SALONA T.E. 1 (P-2),68,URIABASTI PRATHAMIK VIDYALAYA (KA),398,অনিল ঠাকুৰ (অ.গ.প. - এলিফেন্ট),মাৰিয়া গৰেতি হৰ লাকড়া (ভা.জা.ক. - হেণ্ড),কবিতা নাগ (নিৰ্দলীয় - পেন নিব উইথ চেভেন ৰেইজ),ৰিংকু পৰিড়া (নিৰ্দলীয় - ব’ এণ্ড এৰ’),নাৰায়ণ ৰাহা (ভা. জা. ক. - হেণ্ড),সোমনাথ তাঁতী (অ. গ. প. - এলিফেন্ট),Nil,তিল তাঁতী (ৰাইজিং চান),দীপালী পান তাঁতী (টু লিভচ),ভৱানী নাহক (ডায়মণ্ড),Nil,Nil,Nil
248,12,DWAR SALNA,6,PACHIM KALIABOR,75,SALONA BAGICHA,7,NUTUN SALONA T.E. 1 (P-2),68A,URIABASTI PRATHAMIK VIDYALAYA (KHA),1167,অনিল ঠাকুৰ (অ.গ.প. - এলিফেন্ট),মাৰিয়া গৰেতি হৰ লাকড়া (ভা.জা.ক. - হেণ্ড),কবিতা নাগ (নিৰ্দলীয় - পেন নিব উইথ চেভেন ৰেইজ),ৰিংকু পৰিড়া (নিৰ্দলীয় - ব’ এণ্ড এৰ’),নাৰায়ণ ৰাহা (ভা. জা. ক. - হেণ্ড),সোমনাথ তাঁতী (অ. গ. প. - এলিফেন্ট),Nil,তিল তাঁতী (ৰাইজিং চান),দীপালী পান তাঁতী (টু লিভচ),ভৱানী নাহক (ডায়মণ্ড),Nil,Nil,Nil
249,12,DWAR SALNA,6,PACHIM KALIABOR,75,SALONA BAGICHA,8,SIMONA BOSTI 1 (P-1),69,SIMONABASTI PRIMARY SCHOOL (PUB),522,অনিল ঠাকুৰ (অ.গ.প. - এলিফেন্ট),মাৰিয়া গৰেতি হৰ লাকড়া (ভা.জা.ক. - হেণ্ড),কবিতা নাগ (নিৰ্দলীয় - পেন নিব উইথ চেভেন ৰেইজ),ৰিংকু পৰিড়া (নিৰ্দলীয় - ব’ এণ্ড এৰ’),নাৰায়ণ ৰাহা (ভা. জা. ক. - হেণ্ড),সোমনাথ তাঁতী (অ. গ. প. - এলিফেন্ট),Nil,উমা শৰ্মা ৰাভা (ৰাইজিং চান),জ্যোৎনা গড় দাস (টু লিভচ),,Nil,Nil,Nil
250,12,DWAR SALNA,6,PACHIM KALIABOR,75,SALONA BAGICHA,9,SIMONA BOSTI 1 (P-2),70,70 NO SIMONABASTI PRIMARY SCHOOL (PACHIM),713,অনিল ঠাকুৰ (অ.গ.প. - এলিফেন্ট),মাৰিয়া গৰেতি হৰ লাকড়া (ভা.জা.ক. - হেণ্ড),কবিতা নাগ (নিৰ্দলীয় - পেন নিব উইথ চেভেন ৰেইজ),ৰিংকু পৰিড়া (নিৰ্দলীয় - ব’ এণ্ড এৰ’),নাৰায়ণ ৰাহা (ভা. জা. ক. - হেণ্ড),সোমনাথ তাঁতী (অ. গ. প. - এলিফেন্ট),Nil,চুমন গুপ্তা (টু লিভচ),জয়শ্ৰী সিংহা কুৰ্মী (ৰাইজিং চান),জিনু ৰবিদাস (এৰ'প্লেন),Nil,Nil,Nil
251,12,DWAR SALNA,6,PACHIM KALIABOR,75,SALONA BAGICHA,10,"KALAPANI, JOTIA KOCHARI, KAHAN BOSTI",71,JATIA KACHARI PRATHAMIK VIDYALAYA,1007,অনিল ঠাকুৰ (অ.গ.প. - এলিফেন্ট),মাৰিয়া গৰেতি হৰ লাকড়া (ভা.জা.ক. - হেণ্ড),কবিতা নাগ (নিৰ্দলীয় - পেন নিব উইথ চেভেন ৰেইজ),ৰিংকু পৰিড়া (নিৰ্দলীয় - ব’ এণ্ড এৰ’),নাৰায়ণ ৰাহা (ভা. জা. ক. - হেণ্ড),সোমনাথ তাঁতী (অ. গ. প. - এলিফেন্ট),Nil,চিকা তেৰংপি (ৰাইজিং চান),সুনিতা খাকলাৰী (টু লিভচ),Nil,Nil,Nil,Nil